id,Date,Surface_reflectance_for_band_1,Surface_reflectance_for_band_2,Surface_reflectance_for_band_3,Surface_reflectance_for_band_4,Surface_reflectance_for_band_5,Surface_reflectance_for_band_6,Surface_reflectance_for_band_7,Surface_reflectance_500m_quality_control_flags,Solar_zenith,View_zenith,Relative_azimuth,Surface_reflectance_500m_state_flags,Surface_reflectance_day_of_year,actual_date,red,nir1,blue,green,nir2,swir1,swir2,NDVI,EVI,LSWI,LSWI2105,NDSI,NDWI1200,sur_refl_state_500m,MOD35 cloud,cloud shadow,land/water flag,aerosol quantity,cirrus detected,internal cloud algorithm flag,internal fire algorithm flag,MOD35 snow/ice flag,Pixel is adjacent to cloud,BRDF correction performed,internal snow algorithm flag,Bad observation,Gap_fill_applied,GF_NDVI,GF_EVI,GF_LSWI,GF_LSWI2105 ,GF_NDSI,GF_NDWI1200
1,2002/01/01,1118,1633,593,859,2399,2851,2048,1073741824,6196,1743,11579,72,7,2002/01/07,0.1118,0.1633,0.0593,0.0859,0.2399,0.2851,0.2048,0.187204652854,0.0926692338144,-0.271632471008,-0.112741102961,-0.53692722372,-0.18998015873,0000000001001000,clear,no,land,low,none,no cloud,no fire,no,no,no,no,No,No,0.187204652854,0.0926692338144,-0.271632471008,-0.112741102961,-0.53692722372,-0.18998015873
1,2002/01/09,1140,1619,580,881,2208,2540,1894,1073741824,6111,602,11585,136,16,2002/01/16,0.114,0.1619,0.058,0.0881,0.2208,0.254,0.1894,0.173613628126,0.0848749025445,-0.221447463333,-0.0782806717905,-0.484945922245,-0.153906454142,0000000010001000,clear,no,land,average,none,no cloud,no fire,no,no,no,no,No,No,0.173613628126,0.0848749025445,-0.221447463333,-0.0782806717905,-0.484945922245,-0.153906454142
1,2002/01/17,1292,1839,693,1012,2671,3076,2455,1073741824,5916,3688,11699,72,21,2002/01/21,0.1292,0.1839,0.0693,0.1012,0.2671,0.3076,0.2455,0.174704567231,0.0950081634071,-0.251678535097,-0.143455985095,-0.504892367906,-0.184478935698,0000000001001000,clear,no,land,low,none,no cloud,no fire,no,no,no,no,No,No,0.174704567231,0.0950081634071,-0.251678535097,-0.143455985095,-0.504892367906,-0.184478935698
1,2002/01/25,1214,1745,626,940,2636,3023,2437,1073741824,5977,519,-5483,72,25,2002/01/25,0.1214,0.1745,0.0626,0.094,0.2636,0.3023,0.2437,0.179452517742,0.0926119715362,-0.268036912752,-0.165471066475,-0.525611910169,-0.20337822415,0000000001001000,clear,no,land,low,none,no cloud,no fire,no,no,no,no,No,No,0.179452517742,0.0926119715362,-0.268036912752,-0.165471066475,-0.525611910169,-0.20337822415
1,2002/02/02,1707,2513,877,1327,3294,3632,2555,1073741824,5923,5087,-5326,138,38,2002/02/07,0.1707,0.2513,0.0877,0.1327,0.3294,0.3632,0.2555,0.190995260664,0.124555710091,-0.182099267697,-0.00828729281768,-0.464811453922,-0.134492853453,0000000010001010,mixed,no,land,average,none,no cloud,no fire,no,no,no,no,Yes,Yes,0.178679373836,0.0943245691332,-0.272994834329,-0.165727802451,-0.528191477367,-0.193770962609
1,2002/02/10,1280,1834,679,995,2662,3246,2564,1073741824,5556,609,-5303,72,41,2002/02/10,0.128,0.1834,0.0679,0.0995,0.2662,0.3246,0.2564,0.177906229929,0.0960371667302,-0.277952755906,-0.165984538427,-0.530771044565,-0.184163701068,0000000001001000,clear,no,land,low,none,no cloud,no fire,no,no,no,no,No,No,0.177906229929,0.0960371667302,-0.277952755906,-0.165984538427,-0.530771044565,-0.184163701068
1,2002/02/18,1640,2323,866,1283,3257,3726,3022,1073741824,5362,3667,-5196,74,52,2002/02/21,0.164,0.2323,0.0866,0.1283,0.3257,0.3726,0.3022,0.172344183699,0.108980086801,-0.231939163498,-0.130776426567,-0.48772210022,-0.167383512545,0000000001001010,mixed,no,land,low,none,no cloud,no fire,no,no,no,no,Yes,Yes,0.176643586777,0.0988615948352,-0.264655474562,-0.156487992298,-0.519207409501,-0.183879399965
1,2002/02/26,1570,2266,819,1219,3153,3642,2899,1073741824,5052,2750,-5254,74,59,2002/02/28,0.157,0.2266,0.0819,0.1219,0.3153,0.3642,0.2899,0.181438998957,0.111943899379,-0.232904536222,-0.122555663117,-0.498457107591,-0.163683336409,0000000001001010,mixed,no,land,low,none,no cloud,no fire,no,no,no,no,Yes,Yes,0.175380943625,0.10168602294,-0.251358193219,-0.146991446169,-0.507643774437,-0.183595098862
1,2002/03/06,1487,2114,805,1157,3063,3435,2788,1073741824,4732,1732,-5138,72,66,2002/03/07,0.1487,0.2114,0.0805,0.1157,0.3063,0.3435,0.2788,0.174118300472,0.104510451045,-0.238060911876,-0.137494900041,-0.496080139373,-0.183310797759,0000000001001000,clear,no,land,low,none,no cloud,no fire,no,no,no,no,No,No,0.174118300472,0.104510451045,-0.238060911876,-0.137494900041,-0.496080139373,-0.183310797759
1,2002/03/14,1519,2148,809,1178,3107,3552,2922,1073741824,4405,611,-4651,72,73,2002/03/14,0.1519,0.2148,0.0809,0.1178,0.3107,0.3552,0.2922,0.171529860922,0.103491394913,-0.246315789474,-0.152662721893,-0.501902748414,-0.182492863939,0000000001001000,clear,no,land,low,none,no cloud,no fire,no,no,no,no,No,No,0.171529860922,0.103491394913,-0.246315789474,-0.152662721893,-0.501902748414,-0.182492863939
1,2002/03/22,2006,2866,1057,1585,3788,4329,3312,1073741824,4322,6075,-4233,136,88,2002/03/29,0.2006,0.2866,0.1057,0.1585,0.3788,0.4329,0.3312,0.176518883415,0.126660579104,-0.203335649757,-0.0721916477825,-0.463983767332,-0.138563270213,0000000010001000,clear,no,land,average,none,no cloud,no fire,no,no,no,no,No,No,0.176518883415,0.126660579104,-0.203335649757,-0.0721916477825,-0.463983767332,-0.138563270213
1,2002/03/30,1663,2378,846,1275,3217,3696,2976,1073741824,3776,582,-4696,136,89,2002/03/30,0.1663,0.2378,0.0846,0.1275,0.3217,0.3696,0.2976,0.176936401881,0.111641996128,-0.216990451103,-0.111692192753,-0.487024743512,-0.149955317248,0000000010001000,clear,no,land,average,none,no cloud,no fire,no,no,no,no,No,No,0.176936401881,0.111641996128,-0.216990451103,-0.111692192753,-0.487024743512,-0.149955317248
1,2002/04/07,1407,2077,731,1078,2878,3224,2449,1073741824,3139,1707,12804,72,103,2002/04/13,0.1407,0.2077,0.0731,0.1078,0.2878,0.3224,0.2449,0.192307692308,0.11139560403,-0.216374269006,-0.0821917808219,-0.498837749884,-0.161654894046,0000000001001000,clear,no,land,low,none,no cloud,no fire,no,no,no,no,No,No,0.192307692308,0.11139560403,-0.216374269006,-0.0821917808219,-0.498837749884,-0.161654894046
1,2002/04/15,1441,2091,769,1122,3005,3539,2848,1073741824,2885,613,12566,136,112,2002/04/22,0.1441,0.2091,0.0769,0.1122,0.3005,0.3539,0.2848,0.184031710079,0.108554059922,-0.257193605684,-0.153269892691,-0.518558249303,-0.179356357928,0000000010001000,clear,no,land,average,none,no cloud,no fire,no,no,no,no,No,No,0.184031710079,0.108554059922,-0.257193605684,-0.153269892691,-0.518558249303,-0.179356357928
1,2002/04/23,1726,2471,928,1357,3363,3788,3097,1073741824,2955,1724,-4231,136,114,2002/04/24,0.1726,0.2471,0.0928,0.1357,0.3363,0.3788,0.3097,0.177507743626,0.117381987773,-0.210416999521,-0.11242816092,-0.472497570457,-0.152896811793,0000000010001000,clear,no,land,average,none,no cloud,no fire,no,no,no,no,No,No,0.177507743626,0.117381987773,-0.210416999521,-0.11242816092,-0.472497570457,-0.152896811793
1,2002/05/01,1615,2369,865,1264,3279,3739,3084,1073741824,2678,581,-4270,72,121,2002/05/01,0.1615,0.2369,0.0865,0.1264,0.3279,0.3739,0.3084,0.189257028112,0.121054490576,-0.224296005239,-0.131120484137,-0.494703178093,-0.16111898017,0000000001001000,clear,no,land,low,none,no cloud,no fire,no,no,no,no,No,No,0.189257028112,0.121054490576,-0.224296005239,-0.131120484137,-0.494703178093,-0.16111898017
1,2002/05/09,1677,2592,851,1316,3339,3616,2920,1073741824,2199,1762,13383,136,135,2002/05/15,0.1677,0.2592,0.0851,0.1316,0.3339,0.3616,0.292,0.214335910049,0.140583228344,-0.164948453608,-0.0595065312046,-0.466342254663,-0.125948406677,0000000010001000,clear,no,land,average,none,no cloud,no fire,no,no,no,no,No,No,0.214335910049,0.140583228344,-0.164948453608,-0.0595065312046,-0.466342254663,-0.125948406677
1,2002/05/17,1748,2618,919,1372,3615,4008,3289,1073741824,2434,2741,-3377,136,139,2002/05/19,0.1748,0.2618,0.0919,0.1372,0.3615,0.4008,0.3289,0.199267063674,0.134147469701,-0.209779655901,-0.113594040968,-0.489962825279,-0.159955077812,0000000010001000,clear,no,land,average,none,no cloud,no fire,no,no,no,no,No,No,0.199267063674,0.134147469701,-0.209779655901,-0.113594040968,-0.489962825279,-0.159955077812
1,2002/05/25,1626,2432,845,1265,3208,3675,2976,1073741824,1949,1798,13928,72,151,2002/05/31,0.1626,0.2432,0.0845,0.1265,0.3208,0.3675,0.2976,0.198620009857,0.127125327277,-0.20353692484,-0.100591715976,-0.487854251012,-0.137588652482,0000000001001000,clear,no,land,low,none,no cloud,no fire,no,no,no,no,No,No,0.198620009857,0.127125327277,-0.20353692484,-0.100591715976,-0.487854251012,-0.137588652482
1,2002/06/02,1867,2786,984,1465,3798,4244,3590,1073741824,2090,522,-2771,136,153,2002/06/02,0.1867,0.2786,0.0984,0.1465,0.3798,0.4244,0.359,0.197506984741,0.13833694605,-0.207396870555,-0.126097867001,-0.486775267122,-0.153705953827,0000000010001000,clear,no,land,average,none,no cloud,no fire,no,no,no,no,No,No,0.197506984741,0.13833694605,-0.207396870555,-0.126097867001,-0.486775267122,-0.153705953827
1,2002/06/10,1848,2689,1027,1482,3709,4211,3523,1073741824,2140,1704,-2957,136,162,2002/06/11,0.1848,0.2689,0.1027,0.1482,0.3709,0.4211,0.3523,0.185364778488,0.130797225419,-0.220579710145,-0.134256278171,-0.479360618303,-0.159424820256,0000000010001000,clear,no,land,average,none,no cloud,no fire,no,no,no,no,No,No,0.185364778488,0.130797225419,-0.220579710145,-0.134256278171,-0.479360618303,-0.159424820256
1,2002/06/18,1646,2449,857,1306,3506,3804,3264,1075576832,2049,583,-2553,136,169,2002/06/18,0.1646,0.2449,0.0857,0.1306,0.3506,0.3804,0.3264,0.196092796093,0.126277716622,-0.216695985927,-0.142657097847,-0.488845401174,-0.177497900924,0000000010001000,clear,no,land,average,none,no cloud,no fire,no,no,no,no,No,No,0.196092796093,0.126277716622,-0.216695985927,-0.142657097847,-0.488845401174,-0.177497900924
1,2002/06/26,1863,2781,961,1460,3713,4140,3499,1073741824,2178,1704,-2730,136,178,2002/06/27,0.1863,0.2781,0.0961,0.146,0.3713,0.414,0.3499,0.197674418605,0.137002656479,-0.196358907672,-0.114331210191,-0.478571428571,-0.143517092701,0000000010001000,clear,no,land,average,none,no cloud,no fire,no,no,no,no,No,No,0.197674418605,0.137002656479,-0.196358907672,-0.114331210191,-0.478571428571,-0.143517092701
1,2002/07/04,1571,2362,823,1238,3203,3660,3068,1073741824,2125,667,14130,136,192,2002/07/11,0.1571,0.2362,0.0823,0.1238,0.3203,0.366,0.3068,0.201118738876,0.126636995293,-0.215543008967,-0.130018416206,-0.494487545937,-0.151123090746,0000000010001000,clear,no,land,average,none,no cloud,no fire,no,no,no,no,No,No,0.201118738876,0.126636995293,-0.215543008967,-0.130018416206,-0.494487545937,-0.151123090746
1,2002/07/12,1879,2863,967,1491,3707,4073,3423,1073741824,2332,1686,-2973,136,194,2002/07/13,0.1879,0.2863,0.0967,0.1491,0.3707,0.4073,0.3423,0.207507380852,0.145695756463,-0.174452133795,-0.0890868596882,-0.464054636952,-0.128462709285,0000000010001000,clear,no,land,average,none,no cloud,no fire,no,no,no,no,No,No,0.207507380852,0.145695756463,-0.174452133795,-0.0890868596882,-0.464054636952,-0.128462709285
1,2002/07/20,1557,2285,850,1240,3121,3482,2976,1073741824,2188,2818,13768,72,206,2002/07/25,0.1557,0.2285,0.085,0.124,0.3121,0.3482,0.2976,0.189484643415,0.119328612641,-0.207560256633,-0.131343850979,-0.474798814062,-0.154642989271,0000000001001000,clear,no,land,low,none,no cloud,no fire,no,no,no,no,No,No,0.189484643415,0.119328612641,-0.207560256633,-0.131343850979,-0.474798814062,-0.154642989271
1,2002/07/28,1839,2768,957,1444,3652,4065,3355,1073741824,2584,1695,-3414,136,210,2002/07/29,0.1839,0.2768,0.0957,0.1444,0.3652,0.4065,0.3355,0.201649663555,0.139703449728,-0.189814137275,-0.0958680385432,-0.475766926847,-0.13769470405,0000000010001000,clear,no,land,average,none,no cloud,no fire,no,no,no,no,No,No,0.201649663555,0.139703449728,-0.189814137275,-0.0958680385432,-0.475766926847,-0.13769470405
1,2002/08/05,1860,2795,963,1452,3706,4072,3361,1073741824,2642,572,-3660,136,217,2002/08/05,0.186,0.2795,0.0963,0.1452,0.3706,0.4072,0.3361,0.200859291085,0.139698192141,-0.185961846512,-0.091942820013,-0.474293989862,-0.14013228734,0000000010001000,clear,no,land,average,none,no cloud,no fire,no,no,no,no,No,No,0.200859291085,0.139698192141,-0.185961846512,-0.091942820013,-0.474293989862,-0.14013228734
1,2002/08/13,1942,2999,1011,1531,3887,4158,3467,1073741824,2924,1705,-3939,72,226,2002/08/14,0.1942,0.2999,0.1011,0.1531,0.3887,0.4158,0.3467,0.21392430682,0.154817353605,-0.161939360067,-0.0723785957315,-0.461768324837,-0.128957304676,0000000001001000,clear,no,land,low,none,no cloud,no fire,no,no,no,no,No,No,0.21392430682,0.154817353605,-0.161939360067,-0.0723785957315,-0.461768324837,-0.128957304676
1,2002/08/21,1604,2477,880,1274,3258,3532,2906,1073741824,2991,2798,12764,72,238,2002/08/26,0.1604,0.2477,0.088,0.1274,0.3258,0.3532,0.2906,0.213918157314,0.140797367912,-0.175569978366,-0.0796953371726,-0.469829379942,-0.136181342633,0000000001001000,clear,no,land,low,none,no cloud,no fire,no,no,no,no,No,No,0.213918157314,0.140797367912,-0.175569978366,-0.0796953371726,-0.469829379942,-0.136181342633
1,2002/08/29,1801,3068,925,1487,3780,3821,2945,1073741824,3545,3667,-4438,138,244,2002/09/01,0.1801,0.3068,0.0925,0.1487,0.378,0.3821,0.2945,0.260217703841,0.187022112007,-0.109304688634,0.0204556793614,-0.439713639789,-0.103971962617,0000000010001010,mixed,no,land,average,none,no cloud,no fire,no,no,no,no,Yes,Yes,0.260015699456,0.174491838508,-0.140127651932,-0.0312390951499,-0.473541654404,-0.117927399664
1,2002/09/06,1538,2895,777,1264,3536,3572,2797,1073741824,3495,565,-4670,136,249,2002/09/06,0.1538,0.2895,0.0777,0.1264,0.3536,0.3572,0.2797,0.306113241597,0.208186309104,-0.104685325499,0.0172171468728,-0.477253928867,-0.0996734566941,0000000010001000,clear,no,land,average,none,no cloud,no fire,no,no,no,no,No,No,0.306113241597,0.208186309104,-0.104685325499,0.0172171468728,-0.477253928867,-0.0996734566941
1,2002/09/14,1442,3315,773,1301,3859,3102,2192,1075576832,3839,1689,-5138,136,258,2002/09/15,0.1442,0.3315,0.0773,0.1301,0.3859,0.3102,0.2192,0.393735547614,0.289588422648,0.0331930808789,0.203922280734,-0.409039291392,-0.0758293838863,0000000010001000,clear,no,land,average,none,no cloud,no fire,no,no,no,no,No,No,0.393735547614,0.289588422648,0.0331930808789,0.203922280734,-0.409039291392,-0.0758293838863
1,2002/09/22,1335,2660,695,1127,3263,3310,2575,1073741824,4022,549,-5030,72,265,2002/09/22,0.1335,0.266,0.0695,0.1127,0.3263,0.331,0.2575,0.331664580726,0.214297266699,-0.108877721943,0.0162368672397,-0.49199909849,-0.101806516968,0000000001001000,clear,no,land,low,none,no cloud,no fire,no,no,no,no,No,No,0.331664580726,0.214297266699,-0.108877721943,0.0162368672397,-0.49199909849,-0.101806516968
1,2002/09/30,1186,2651,588,997,2950,2685,1918,1073741824,4442,1717,11486,72,279,2002/10/06,0.1186,0.2651,0.0588,0.0997,0.295,0.2685,0.1918,0.381808704717,0.23849059061,-0.00637181409295,0.160428977895,-0.458446496469,-0.0533833244064,0000000001001000,clear,no,land,low,none,no cloud,no fire,no,no,no,no,No,No,0.381808704717,0.23849059061,-0.00637181409295,0.160428977895,-0.458446496469,-0.0533833244064
1,2002/10/08,1341,2539,645,1054,3123,3000,2220,1073741824,4793,594,11199,72,288,2002/10/15,0.1341,0.2539,0.0645,0.1054,0.3123,0.3,0.222,0.308762886598,0.190188918876,-0.0832280194981,0.0670308888422,-0.480019733596,-0.103143765454,0000000001001000,clear,no,land,low,none,no cloud,no fire,no,no,no,no,No,No,0.308762886598,0.190188918876,-0.0832280194981,0.0670308888422,-0.480019733596,-0.103143765454
1,2002/10/16,1420,2585,751,1149,3406,3493,2747,1073741824,4933,1741,-6265,72,290,2002/10/17,0.142,0.2585,0.0751,0.1149,0.3406,0.3493,0.2747,0.29088639201,0.188237195023,-0.149391247121,-0.0303825956489,-0.504954760879,-0.137038891671,0000000001001000,clear,no,land,low,none,no cloud,no fire,no,no,no,no,No,No,0.29088639201,0.188237195023,-0.149391247121,-0.0303825956489,-0.504954760879,-0.137038891671
1,2002/10/24,656,1272,326,529,1721,1325,768,1075576832,5032,5549,10857,76,298,2002/10/25,0.0656,0.1272,0.0326,0.0529,0.1721,0.1325,0.0768,0.319502074689,0.120661286531,-0.0204081632653,0.247058823529,-0.429341963323,-0.150016705647,0000000001001100,clear,yes,land,low,none,no cloud,no fire,no,no,no,no,Yes,Yes,0.268126199461,0.16147870239,-0.169709926789,-0.0403470237468,-0.508252101436,-0.141915915917
1,2002/11/01,1201,1982,626,941,2664,2912,2192,1073741824,5418,3650,11127,72,309,2002/11/05,0.1201,0.1982,0.0626,0.0941,0.2664,0.2912,0.2192,0.245366006912,0.134720209756,-0.190028606457,-0.0503114518448,-0.511549441993,-0.146792940164,0000000001001000,clear,no,land,low,none,no cloud,no fire,no,no,no,no,No,No,0.245366006912,0.134720209756,-0.190028606457,-0.0503114518448,-0.511549441993,-0.146792940164
1,2002/11/09,1202,1921,620,940,2771,3035,2424,1073741824,5787,547,11360,72,320,2002/11/16,0.1202,0.1921,0.062,0.094,0.2771,0.3035,0.2424,0.230227345501,0.124111026721,-0.224778046812,-0.115765247411,-0.527044025157,-0.18115942029,0000000001001000,clear,no,land,low,none,no cloud,no fire,no,no,no,no,No,No,0.230227345501,0.124111026721,-0.224778046812,-0.115765247411,-0.527044025157,-0.18115942029
1,2002/11/17,1447,2290,759,1137,3044,3432,2711,1073741824,5895,1760,-6298,72,322,2002/11/18,0.1447,0.229,0.0759,0.1137,0.3044,0.3432,0.2711,0.225582017661,0.137929906083,-0.199580566236,-0.0841831633673,-0.502298095863,-0.141357330334,0000000001001000,clear,no,land,low,none,no cloud,no fire,no,no,no,no,No,No,0.225582017661,0.137929906083,-0.199580566236,-0.0841831633673,-0.502298095863,-0.141357330334
1,2002/11/25,1403,2165,731,1085,2870,3267,2547,1073741824,6118,656,11250,72,336,2002/12/02,0.1403,0.2165,0.0731,0.1085,0.287,0.3267,0.2547,0.213565022422,0.126154763087,-0.202871870398,-0.0810696095076,-0.501378676471,-0.140019860973,0000000001001000,clear,no,land,low,none,no cloud,no fire,no,no,no,no,No,No,0.213565022422,0.126154763087,-0.202871870398,-0.0810696095076,-0.501378676471,-0.140019860973
1,2002/12/03,1115,1767,594,869,2439,2630,1794,1073741824,6187,1807,11257,76,343,2002/12/09,0.1115,0.1767,0.0594,0.0869,0.2439,0.263,0.1794,0.226231783484,0.116411941151,-0.196270184217,-0.00758213984836,-0.50328665333,-0.159771754636,0000000001001100,clear,yes,land,low,none,no cloud,no fire,no,no,no,no,Yes,Yes,0.212580912103,0.126128696344,-0.202131304123,-0.0773706341174,-0.501257794549,-0.142196040495
1,2002/12/11,1456,2235,770,1125,3064,3309,2623,1073741824,6356,2722,-6249,74,347,2002/12/13,0.1456,0.2235,0.077,0.1125,0.3064,0.3309,0.2623,0.211053914928,0.128158725981,-0.193722943723,-0.0798682585426,-0.492557510149,-0.156444612191,0000000001001010,mixed,no,land,low,none,no cloud,no fire,no,no,no,no,Yes,Yes,0.211596801785,0.126102629601,-0.201390737848,-0.0736716587271,-0.501136912628,-0.144372220016
1,2002/12/19,1443,2213,747,1105,2973,3324,2546,1073741824,6364,1678,-6151,72,354,2002/12/20,0.1443,0.2213,0.0747,0.1105,0.2973,0.3324,0.2546,0.210612691466,0.126076562858,-0.200650171573,-0.0699726833368,-0.501016030707,-0.146548399537,0000000001001000,clear,no,land,low,none,no cloud,no fire,no,no,no,no,No,No,0.210612691466,0.126076562858,-0.200650171573,-0.0699726833368,-0.501016030707,-0.146548399537
1,2002/12/27,1329,2077,702,1032,2700,2798,2084,1073741824,6187,4400,11482,72,364,2002/12/30,0.1329,0.2077,0.0702,0.1032,0.27,0.2798,0.2084,0.21961244862,0.126470986068,-0.147897435897,-0.00168228791156,-0.461096605744,-0.130416579443,0000000001001000,clear,no,land,low,none,no cloud,no fire,no,no,no,no,No,No,0.21961244862,0.126470986068,-0.147897435897,-0.00168228791156,-0.461096605744,-0.130416579443
1,2003/01/01,1431,2228,759,1105,2970,2976,2139,1073741824,6412,3733,-5885,74,7,2003/01/07,0.1431,0.2228,0.0759,0.1105,0.297,0.2976,0.2139,0.21781907625,0.131766028502,-0.143735588009,0.0203801236547,-0.45846606224,-0.142747210466,0000000001001010,mixed,no,land,low,none,no cloud,no fire,no,no,no,no,Yes,Yes,0.216182486936,0.121618778436,-0.186259515123,-0.0399486295604,-0.486214554429,-0.146416050785
1,2003/01/09,1247,1921,663,981,2666,3034,2247,1073741824,6223,619,-5622,136,12,2003/01/12,0.1247,0.1921,0.0663,0.0981,0.2666,0.3034,0.2247,0.212752525253,0.116766570805,-0.224621594349,-0.0782149712092,-0.511332503113,-0.162415522128,0000000010001000,clear,no,land,average,none,no cloud,no fire,no,no,no,no,No,No,0.212752525253,0.116766570805,-0.224621594349,-0.0782149712092,-0.511332503113,-0.162415522128
1,2003/01/17,1410,2124,747,1090,2817,3220,2546,1073741824,6035,2761,11834,136,17,2003/01/17,0.141,0.2124,0.0747,0.109,0.2817,0.322,0.2546,0.202037351443,0.119146947902,-0.205089820359,-0.0903640256959,-0.494199535963,-0.140255009107,0000000010001000,clear,no,land,average,none,no cloud,no fire,no,no,no,no,No,No,0.202037351443,0.119146947902,-0.205089820359,-0.0903640256959,-0.494199535963,-0.140255009107
1,2003/01/25,1447,2175,761,1134,2820,3158,2376,1073741824,5660,4420,11840,72,31,2003/01/31,0.1447,0.2175,0.0761,0.1134,0.282,0.3158,0.2376,0.200993926008,0.120135978085,-0.184324020251,-0.0441661173368,-0.471575023299,-0.129129129129,0000000001001000,clear,no,land,low,none,no cloud,no fire,no,no,no,no,No,No,0.200993926008,0.120135978085,-0.184324020251,-0.0441661173368,-0.471575023299,-0.129129129129
1,2003/02/02,4298,4594,4045,4155,3129,1646,1093,1073741824,5698,628,12231,32841,35,2003/02/04,0.4298,0.4594,0.4045,0.4155,0.3129,0.1646,0.1093,0.0332883490778,0.0736721588929,0.472435897436,0.615614559522,0.432511635925,0.189693124434,1000000001001001,cloudy,no,land,low,none,no cloud,no fire,no,no,no,yes,Yes,Yes,0.205438910012,0.118969168737,-0.186896752846,-0.0559210949153,-0.480728805679,-0.133508136902
1,2003/02/10,1327,2032,671,1021,2682,2982,2327,1073741824,5170,4410,12031,136,47,2003/02/16,0.1327,0.2032,0.0671,0.1021,0.2682,0.2982,0.2327,0.209883894016,0.117802359389,-0.189469485441,-0.0676760724937,-0.489882588059,-0.137887144675,0000000010001000,clear,no,land,average,none,no cloud,no fire,no,no,no,no,No,No,0.209883894016,0.117802359389,-0.189469485441,-0.0676760724937,-0.489882588059,-0.137887144675
1,2003/02/18,1560,2267,816,1225,3052,3643,2955,1073741824,5226,1741,-5290,74,53,2003/02/22,0.156,0.2267,0.0816,0.1225,0.3052,0.3643,0.2955,0.184740005226,0.113980782872,-0.23282571912,-0.131750287246,-0.496713229252,-0.147584132356,0000000001001010,mixed,no,land,low,none,no cloud,no fire,no,no,no,no,Yes,Yes,0.206048722137,0.118428378731,-0.192328544644,-0.0766948962943,-0.48622223888,-0.135340481699
1,2003/02/26,1585,2327,845,1255,3107,3641,2907,1073741824,4961,2815,-5056,138,62,2003/03/03,0.1585,0.2327,0.0845,0.1255,0.3107,0.3641,0.2907,0.189672801636,0.119681280041,-0.220174262735,-0.110813909056,-0.487336601307,-0.143540669856,0000000010001010,mixed,no,land,average,none,no cloud,no fire,no,no,no,no,Yes,Yes,0.202213550258,0.119054398072,-0.195187603847,-0.0857137200949,-0.482561889701,-0.132793818723
1,2003/03/06,1483,2217,771,1167,2881,3312,2681,1073741824,4601,559,12052,72,67,2003/03/08,0.1483,0.2217,0.0771,0.1167,0.2881,0.3312,0.2681,0.198378378378,0.119680417414,-0.198046663049,-0.0947325438955,-0.478901540522,-0.130247155747,0000000001001000,clear,no,land,low,none,no cloud,no fire,no,no,no,no,No,No,0.198378378378,0.119680417414,-0.198046663049,-0.0947325438955,-0.478901540522,-0.130247155747
1,2003/03/14,1954,2810,1034,1539,3682,4183,3490,1073741824,4746,5097,-4756,72,73,2003/03/14,0.1954,0.281,0.1034,0.1539,0.3682,0.4183,0.349,0.179680940386,0.127540377853,-0.196339196339,-0.107936507937,-0.462076197134,-0.134319162046,0000000001001000,clear,no,land,low,none,no cloud,no fire,no,no,no,no,No,No,0.179680940386,0.127540377853,-0.196339196339,-0.107936507937,-0.462076197134,-0.134319162046
1,2003/03/22,1388,2083,730,1099,3696,3415,2813,1075576832,3969,613,12264,72,83,2003/03/24,0.1388,0.2083,0.073,0.1099,0.3696,0.3415,0.2813,0.200230481129,0.116329673273,-0.242269916333,-0.14910130719,-0.513070447497,-0.27911403357,0000000001001000,clear,no,land,low,none,no cloud,no fire,no,no,no,no,No,No,0.200230481129,0.116329673273,-0.242269916333,-0.14910130719,-0.513070447497,-0.27911403357
1,2003/03/30,1466,2164,770,1161,2934,3379,2882,1073741824,3642,1752,12678,136,90,2003/03/31,0.1466,0.2164,0.077,0.1161,0.2934,0.3379,0.2882,0.192286501377,0.114916035561,-0.219195381562,-0.142290923504,-0.488546255507,-0.151039623382,0000000010001000,clear,no,land,average,none,no cloud,no fire,no,no,no,no,No,No,0.192286501377,0.114916035561,-0.219195381562,-0.142290923504,-0.488546255507,-0.151039623382
1,2003/04/07,1446,2214,745,1137,3023,3469,2976,1073741824,3355,611,13057,72,99,2003/04/09,0.1446,0.2214,0.0745,0.1137,0.3023,0.3469,0.2976,0.209836065574,0.125469694494,-0.220834066514,-0.146820809249,-0.506296135475,-0.15447775444,0000000001001000,clear,no,land,low,none,no cloud,no fire,no,no,no,no,No,No,0.209836065574,0.125469694494,-0.220834066514,-0.146820809249,-0.506296135475,-0.15447775444
1,2003/04/15,1615,2599,836,1280,3314,3729,3102,1073741824,3099,590,-4619,72,108,2003/04/18,0.1615,0.2599,0.0836,0.128,0.3314,0.3729,0.3102,0.233507356431,0.153567638429,-0.178571428571,-0.088230135064,-0.488919944101,-0.120920006765,0000000001001000,clear,no,land,low,none,no cloud,no fire,no,no,no,no,No,No,0.233507356431,0.153567638429,-0.178571428571,-0.088230135064,-0.488919944101,-0.120920006765
1,2003/04/23,1399,2425,722,1126,3073,3413,2687,1073741824,2757,2752,12792,136,113,2003/04/23,0.1399,0.2425,0.0722,0.1126,0.3073,0.3413,0.2687,0.268305439331,0.16651519086,-0.16923603974,-0.0512519561815,-0.503855474774,-0.117861040378,0000000010001000,clear,no,land,average,none,no cloud,no fire,no,no,no,no,No,No,0.268305439331,0.16651519086,-0.16923603974,-0.0512519561815,-0.503855474774,-0.117861040378
1,2003/05/01,1653,3058,912,1387,3798,3906,3147,1073741824,2724,2805,-3891,136,126,2003/05/06,0.1653,0.3058,0.0912,0.1387,0.3798,0.3906,0.3147,0.298238165994,0.217680961824,-0.121769098219,-0.0143432715552,-0.475911581334,-0.107934655776,0000000010001000,clear,no,land,average,none,no cloud,no fire,no,no,no,no,No,No,0.298238165994,0.217680961824,-0.121769098219,-0.0143432715552,-0.475911581334,-0.107934655776
1,2003/05/09,1375,2633,718,1141,3350,3512,2836,1073741824,2374,604,13076,72,131,2003/05/11,0.1375,0.2633,0.0718,0.1141,0.335,0.3512,0.2836,0.313872255489,0.202929410246,-0.143043124491,-0.0371183031633,-0.50956372233,-0.119839545379,0000000001001000,clear,no,land,low,none,no cloud,no fire,no,no,no,no,No,No,0.313872255489,0.202929410246,-0.143043124491,-0.0371183031633,-0.50956372233,-0.119839545379
1,2003/05/17,1375,2868,739,1215,3452,3427,2614,1073741824,2272,554,-3731,136,140,2003/05/20,0.1375,0.2868,0.0739,0.1215,0.3452,0.3427,0.2614,0.351873674287,0.239639176912,-0.0888006354249,0.0463334549435,-0.476518741922,-0.0924050632911,0000000010001000,clear,no,land,average,none,no cloud,no fire,no,no,no,no,No,No,0.351873674287,0.239639176912,-0.0888006354249,0.0463334549435,-0.476518741922,-0.0924050632911
1,2003/05/25,1429,2725,740,1163,3232,3165,2387,1073741824,2092,637,14263,137,147,2003/05/27,0.1429,0.2725,0.074,0.1163,0.3232,0.3165,0.2387,0.311988444872,0.205727347768,-0.0747028862479,0.0661189358372,-0.462569316081,-0.0851099546752,0000000010001001,cloudy,no,land,average,none,no cloud,no fire,no,no,no,no,Yes,Yes,0.397703041502,0.255509380982,-0.0313218468875,0.135705761822,-0.463461648456,-0.061042714294
1,2003/06/02,983,2550,535,917,2706,2420,1613,1073741824,1701,4440,13307,72,159,2003/06/08,0.0983,0.255,0.0535,0.0917,0.2706,0.242,0.1613,0.443532408718,0.271379585051,0.0261569416499,0.2250780687,-0.45040455499,-0.0296803652968,0000000001001000,clear,no,land,low,none,no cloud,no fire,no,no,no,no,No,No,0.443532408718,0.271379585051,0.0261569416499,0.2250780687,-0.45040455499,-0.0296803652968
1,2003/06/10,1099,2945,592,1036,3253,2995,2152,1073741824,1980,647,14482,136,163,2003/06/12,0.1099,0.2945,0.0592,0.1036,0.3253,0.2995,0.2152,0.456478733927,0.305649380754,-0.00841750841751,0.155581714734,-0.485983626892,-0.0496934494998,0000000010001000,clear,no,land,average,none,no cloud,no fire,no,no,no,no,No,No,0.456478733927,0.305649380754,-0.00841750841751,0.155581714734,-0.485983626892,-0.0496934494998
1,2003/06/18,1051,3224,548,1038,3519,2882,1977,1073741824,2077,546,-2697,136,172,2003/06/21,0.1051,0.3224,0.0548,0.1038,0.3519,0.2882,0.1977,0.508304093567,0.352302204929,0.0560104814936,0.239761584311,-0.470408163265,-0.0437490731129,0000000010001000,clear,no,land,average,none,no cloud,no fire,no,no,no,no,No,No,0.508304093567,0.352302204929,0.0560104814936,0.239761584311,-0.470408163265,-0.0437490731129
1,2003/06/26,1090,2812,582,985,3105,2776,1988,1073741824,2022,629,14528,72,179,2003/06/28,0.109,0.2812,0.0582,0.0985,0.3105,0.2776,0.1988,0.441312147617,0.287248949089,0.00644237652112,0.171666666667,-0.476203137463,-0.0495183369951,0000000001001000,clear,no,land,low,none,no cloud,no fire,no,no,no,no,No,No,0.441312147617,0.287248949089,0.00644237652112,0.171666666667,-0.476203137463,-0.0495183369951
1,2003/07/04,1143,2646,604,999,3052,2815,2012,1073741824,1998,1734,14560,136,186,2003/07/05,0.1143,0.2646,0.0604,0.0999,0.3052,0.2815,0.2012,0.396674584323,0.25093495392,-0.0309467130562,0.13610991842,-0.476140534872,-0.0712530712531,0000000010001000,clear,no,land,average,none,no cloud,no fire,no,no,no,no,No,No,0.396674584323,0.25093495392,-0.0309467130562,0.13610991842,-0.476140534872,-0.0712530712531
1,2003/07/12,1292,2769,676,1101,-47,3105,2109,1075576833,2194,559,14173,72,195,2003/07/14,0.1292,0.2769,0.0676,0.1101,-0.0047,0.3105,0.2109,0.3637035213,0.238981295709,-0.0572012257406,0.135301353014,-0.476462196862,1.0345334313,0000000001001000,clear,no,land,low,none,no cloud,no fire,no,no,no,no,No,No,0.3637035213,0.238981295709,-0.0572012257406,0.135301353014,-0.476462196862,1.0345334313
1,2003/07/20,1569,2921,794,1278,3488,3406,2499,1073741824,2422,674,-2750,72,204,2003/07/23,0.1569,0.2921,0.0794,0.1278,0.3488,0.3406,0.2499,0.301113585746,0.206349206349,-0.0766556029714,0.0778597785978,-0.454312553373,-0.0884693399906,0000000001001000,clear,no,land,low,none,no cloud,no fire,no,no,no,no,No,No,0.301113585746,0.206349206349,-0.0766556029714,0.0778597785978,-0.454312553373,-0.0884693399906
1,2003/07/28,1119,2516,574,962,3117,2702,1718,1073741824,2465,522,13806,72,211,2003/07/30,0.1119,0.2516,0.0574,0.0962,0.3117,0.2702,0.1718,0.38431911967,0.234003350084,-0.0356458413185,0.188474256023,-0.474890829694,-0.10669270371,0000000001001000,clear,no,land,low,none,no cloud,no fire,no,no,no,no,No,No,0.38431911967,0.234003350084,-0.0356458413185,0.188474256023,-0.474890829694,-0.10669270371
1,2003/08/05,1208,2305,630,988,2799,2580,1728,1073741824,2536,1661,13825,72,218,2003/08/06,0.1208,0.2305,0.063,0.0988,0.2799,0.258,0.1728,0.312268716197,0.184954140815,-0.0562947799386,0.14306967518,-0.446188340807,-0.0967868338558,0000000001001000,clear,no,land,low,none,no cloud,no fire,no,no,no,no,No,No,0.312268716197,0.184954140815,-0.0562947799386,0.14306967518,-0.446188340807,-0.0967868338558
1,2003/08/13,1513,2745,802,1218,3444,3206,2261,1073741824,2822,520,13492,72,227,2003/08/15,0.1513,0.2745,0.0802,0.1218,0.3444,0.3206,0.2261,0.289337717238,0.19483805668,-0.0774659721055,0.0966839792249,-0.449367088608,-0.112942317014,0000000001001000,clear,no,land,low,none,no cloud,no fire,no,no,no,no,No,No,0.289337717238,0.19483805668,-0.0774659721055,0.0966839792249,-0.449367088608,-0.112942317014
1,2003/08/21,1463,2840,739,1191,3340,3147,2255,1073741824,3127,665,-3968,72,236,2003/08/24,0.1463,0.284,0.0739,0.1191,0.334,0.3147,0.2255,0.32000929584,0.214145749743,-0.0512777684984,0.11481844946,-0.450899031812,-0.0809061488673,0000000001001000,clear,no,land,low,none,no cloud,no fire,no,no,no,no,No,No,0.32000929584,0.214145749743,-0.0512777684984,0.11481844946,-0.450899031812,-0.0809061488673
1,2003/08/29,1294,2731,676,1112,3165,2996,2103,1073741824,3450,1824,-4561,72,245,2003/09/02,0.1294,0.2731,0.0676,0.1112,0.3165,0.2996,0.2103,0.35701863354,0.232901134522,-0.0462720447005,0.129913115432,-0.458617332035,-0.0736092265943,0000000001001000,clear,no,land,low,none,no cloud,no fire,no,no,no,no,No,No,0.35701863354,0.232901134522,-0.0462720447005,0.129913115432,-0.458617332035,-0.0736092265943
1,2003/09/06,1191,2485,618,1025,2982,2945,2059,1073741824,3787,2879,-4884,72,254,2003/09/11,0.1191,0.2485,0.0618,0.1025,0.2982,0.2945,0.2059,0.352013057671,0.215724193118,-0.0847145488029,0.09375,-0.48362720403,-0.0909090909091,0000000001001000,clear,no,land,low,none,no cloud,no fire,no,no,no,no,No,No,0.352013057671,0.215724193118,-0.0847145488029,0.09375,-0.48362720403,-0.0909090909091
1,2003/09/14,1048,2077,521,855,2594,2688,1988,1073741824,3777,511,12648,72,259,2003/09/16,0.1048,0.2077,0.0521,0.0855,0.2594,0.2688,0.1988,0.32928,0.177935327685,-0.128226652676,0.0218942189422,-0.517358171041,-0.110682937273,0000000001001000,clear,no,land,low,none,no cloud,no fire,no,no,no,no,No,No,0.32928,0.177935327685,-0.128226652676,0.0218942189422,-0.517358171041,-0.110682937273
1,2003/09/22,1250,2375,665,1023,2998,2863,2143,1073741824,4131,654,-5401,72,268,2003/09/25,0.125,0.2375,0.0665,0.1023,0.2998,0.2863,0.2143,0.310344827586,0.188916876574,-0.0931653302787,0.0513501549358,-0.473494595986,-0.115950120975,0000000001001000,clear,no,land,low,none,no cloud,no fire,no,no,no,no,No,No,0.310344827586,0.188916876574,-0.0931653302787,0.0513501549358,-0.473494595986,-0.115950120975
1,2003/09/30,1518,2653,770,1195,3480,3374,2446,1073741824,4651,3705,-5704,72,279,2003/10/06,0.1518,0.2653,0.077,0.1195,0.348,0.3374,0.2446,0.272116998322,0.177499061679,-0.119628339141,0.0405961953324,-0.476909608229,-0.134844285015,0000000001001000,clear,no,land,low,none,no cloud,no fire,no,no,no,no,No,No,0.272116998322,0.177499061679,-0.119628339141,0.0405961953324,-0.476909608229,-0.134844285015
1,2003/10/08,1213,2102,632,953,3046,2950,2100,1075576832,4686,619,-5642,72,284,2003/10/11,0.1213,0.2102,0.0632,0.0953,0.3046,0.295,0.21,0.268174962293,0.15181010929,-0.167854315123,0.000475963826749,-0.511657699206,-0.183372183372,0000000001001000,clear,no,land,low,none,no cloud,no fire,no,no,no,no,No,No,0.268174962293,0.15181010929,-0.167854315123,0.000475963826749,-0.511657699206,-0.183372183372
1,2003/10/16,1324,2104,714,1025,2935,3054,2297,1073741824,4894,574,11444,72,291,2003/10/18,0.1324,0.2104,0.0714,0.1025,0.2935,0.3054,0.2297,0.227537922987,0.132716259443,-0.184179914696,-0.0438536696205,-0.497425839667,-0.164913673348,0000000001001000,clear,no,land,low,none,no cloud,no fire,no,no,no,no,No,No,0.227537922987,0.132716259443,-0.184179914696,-0.0438536696205,-0.497425839667,-0.164913673348
1,2003/10/24,1551,2390,835,1206,3408,3521,2544,1073741824,5364,2806,-6134,72,302,2003/10/29,0.1551,0.239,0.0835,0.1206,0.3408,0.3521,0.2544,0.212890129409,0.135905659766,-0.191338183049,-0.0312119983786,-0.48973979268,-0.175577785443,0000000001001000,clear,no,land,low,none,no cloud,no fire,no,no,no,no,No,No,0.212890129409,0.135905659766,-0.191338183049,-0.0312119983786,-0.48973979268,-0.175577785443
1,2003/11/01,1171,2042,571,888,2764,2783,1779,1073741824,5348,5988,10788,72,308,2003/11/04,0.1171,0.2042,0.0571,0.0888,0.2764,0.2783,0.1779,0.271086212263,0.147272665787,-0.153575129534,0.0688301491756,-0.516208117679,-0.150228880566,0000000001001000,clear,no,land,low,none,no cloud,no fire,no,no,no,no,No,No,0.271086212263,0.147272665787,-0.153575129534,0.0688301491756,-0.516208117679,-0.150228880566
1,2003/11/09,1308,2084,661,990,3006,3256,2237,1073741824,5826,2731,-6428,72,318,2003/11/14,0.1308,0.2084,0.0661,0.099,0.3006,0.3256,0.2237,0.228773584906,0.12955357441,-0.219475655431,-0.0354084702615,-0.533678756477,-0.181139489194,0000000001001000,clear,no,land,low,none,no cloud,no fire,no,no,no,no,No,No,0.228773584906,0.12955357441,-0.219475655431,-0.0354084702615,-0.533678756477,-0.181139489194
1,2003/11/17,1214,1816,619,921,2575,3003,2202,1073741824,5855,691,11300,72,323,2003/11/19,0.1214,0.1816,0.0619,0.0921,0.2575,0.3003,0.2202,0.198679867987,0.104098218918,-0.246316663208,-0.0960676953708,-0.530581039755,-0.172853564108,0000000001001000,clear,no,land,low,none,no cloud,no fire,no,no,no,no,No,No,0.198679867987,0.104098218918,-0.246316663208,-0.0960676953708,-0.530581039755,-0.172853564108
1,2003/11/25,1294,2079,617,965,2910,3169,2162,1073741824,5963,5603,10971,72,333,2003/11/29,0.1294,0.2079,0.0617,0.0965,0.291,0.3169,0.2162,0.232730506967,0.128980316125,-0.207698170732,-0.0195708559302,-0.533139816159,-0.166566446182,0000000001001000,clear,no,land,low,none,no cloud,no fire,no,no,no,no,No,No,0.232730506967,0.128980316125,-0.207698170732,-0.0195708559302,-0.533139816159,-0.166566446182
1,2003/12/03,1281,1978,653,973,2678,2933,2063,1073741824,6161,747,11098,72,339,2003/12/05,0.1281,0.1978,0.0653,0.0973,0.2678,0.2933,0.2063,0.213869285057,0.118003589205,-0.194461413154,-0.0210343974264,-0.501792114695,-0.150343642612,0000000001001000,clear,no,land,low,none,no cloud,no fire,no,no,no,no,No,No,0.213869285057,0.118003589205,-0.194461413154,-0.0210343974264,-0.501792114695,-0.150343642612
1,2003/12/11,1056,1521,633,860,2126,2165,1612,1073741824,6292,432,-5582,8204,348,2003/12/14,0.1056,0.1521,0.0633,0.086,0.2126,0.2165,0.1612,0.180442374854,0.0886761508829,-0.174715138361,-0.0290456431535,-0.431404958678,-0.165889772416,0010000000001100,clear,yes,land,climatology,none,no cloud,no fire,no,yes,no,no,Yes,NA,0.180442374854,0.0886761508829,-0.174715138361,-0.0290456431535,-0.431404958678,-0.165889772416
1,2003/12/19,1063,1646,485,779,2451,2459,1824,1073741824,6223,3754,11452,76,360,2003/12/26,0.1063,0.1646,0.0485,0.0779,0.2451,0.2459,0.1824,0.215208564046,0.101310256143,-0.198051157125,-0.0512968299712,-0.518838789376,-0.196485233097,0000000001001100,clear,yes,land,low,none,no cloud,no fire,no,no,no,no,Yes,NA,0.215208564046,0.101310256143,-0.198051157125,-0.0512968299712,-0.518838789376,-0.196485233097
1,2003/12/27,1743,2637,882,1327,3445,3813,2599,1073741824,6488,4369,-5881,74,3,2003/01/03,0.1743,0.2637,0.0882,0.1327,0.3445,0.3813,0.2599,0.204109589041,0.135618932039,-0.182325581395,0.00725744843392,-0.483657587549,-0.132851035843,0000000001001010,mixed,no,land,low,none,no cloud,no fire,no,no,no,no,Yes,NA,0.204109589041,0.135618932039,-0.182325581395,0.00725744843392,-0.483657587549,-0.132851035843
2,2002/01/09,1086,1695,558,817,2500,3076,2045,1075576832,6014,847,11576,72,16,2002/01/16,0.1086,0.1695,0.0558,0.0817,0.25,0.3076,0.2045,0.218985976268,0.108548410096,-0.289457136869,-0.0935828877005,-0.580272283586,-0.19189511323,0000000001001000,clear,no,land,low,none,no cloud,no fire,no,no,no,no,No,No,0.218985976268,0.108548410096,-0.289457136869,-0.0935828877005,-0.580272283586,-0.19189511323
2,2002/01/17,1327,2075,690,1002,3112,3531,2459,1073741824,6128,3534,-5780,72,20,2002/01/20,0.1327,0.2075,0.069,0.1002,0.3112,0.3531,0.2459,0.219870664315,0.125824249765,-0.259721726721,-0.0846934274371,-0.557908669755,-0.199922884133,0000000001001000,clear,no,land,low,none,no cloud,no fire,no,no,no,no,No,No,0.219870664315,0.125824249765,-0.259721726721,-0.0846934274371,-0.557908669755,-0.199922884133
2,2002/01/25,1134,1757,574,845,2687,3104,2192,1073741824,5881,295,-4991,72,25,2002/01/25,0.1134,0.1757,0.0574,0.0845,0.2687,0.3104,0.2192,0.215496368039,0.109252244669,-0.277103476651,-0.110154469486,-0.57204355533,-0.209270927093,0000000001001000,clear,no,land,low,none,no cloud,no fire,no,no,no,no,No,No,0.215496368039,0.109252244669,-0.277103476651,-0.110154469486,-0.57204355533,-0.209270927093
2,2002/02/02,1045,1638,529,779,2415,2974,2045,1075576832,5431,1972,12041,72,39,2002/02/08,0.1045,0.1638,0.0529,0.0779,0.2415,0.2974,0.2045,0.221021244875,0.106344822639,-0.289679098005,-0.110507738257,-0.584865440981,-0.19170984456,0000000001001000,clear,no,land,low,none,no cloud,no fire,no,no,no,no,No,No,0.221021244875,0.106344822639,-0.289679098005,-0.110507738257,-0.584865440981,-0.19170984456
2,2002/02/10,1201,1837,613,904,2692,3213,2194,1073741824,5464,395,-4833,72,41,2002/02/10,0.1201,0.1837,0.0613,0.0904,0.2692,0.3213,0.2194,0.209348255431,0.110068879582,-0.272475247525,-0.0885636318531,-0.560845275686,-0.188783395893,0000000001001000,clear,no,land,low,none,no cloud,no fire,no,no,no,no,No,No,0.209348255431,0.110068879582,-0.272475247525,-0.0885636318531,-0.560845275686,-0.188783395893
2,2002/02/18,1156,1756,599,873,2681,3119,2278,1073741824,4895,2009,12203,72,55,2002/02/24,0.1156,0.1756,0.0599,0.0873,0.2681,0.3119,0.2278,0.206043956044,0.105637522448,-0.27958974359,-0.129400099157,-0.562625250501,-0.208474194275,0000000001001000,clear,no,land,low,none,no cloud,no fire,no,no,no,no,No,No,0.206043956044,0.105637522448,-0.27958974359,-0.129400099157,-0.562625250501,-0.208474194275
2,2002/02/26,1229,1874,634,932,2791,3323,2346,1073741824,4921,334,-4318,74,57,2002/02/26,0.1229,0.1874,0.0634,0.0932,0.2791,0.3323,0.2346,0.207863358041,0.11126060857,-0.278814700789,-0.111848341232,-0.561927144536,-0.196570203644,0000000001001010,mixed,no,land,low,none,no cloud,no fire,no,no,no,no,Yes,Yes,0.202795220652,0.11113359506,-0.271794871795,-0.120348936601,-0.552371398855,-0.198484460513
2,2002/03/06,1412,2116,733,1079,3099,3634,2646,1073741824,4642,1532,-5048,72,66,2002/03/07,0.1412,0.2116,0.0733,0.1079,0.3099,0.3634,0.2646,0.199546485261,0.116629667672,-0.264,-0.111297774045,-0.54211754721,-0.18849472675,0000000001001000,clear,no,land,low,none,no cloud,no fire,no,no,no,no,No,No,0.199546485261,0.116629667672,-0.264,-0.111297774045,-0.54211754721,-0.18849472675
2,2002/03/14,1403,2082,737,1071,3103,3497,2567,1073741824,4315,391,-5334,72,73,2002/03/14,0.1403,0.2082,0.0737,0.1071,0.3103,0.3497,0.2567,0.194835007174,0.113374519953,-0.253629682739,-0.104323510432,-0.531085814361,-0.196914175506,0000000001001000,clear,no,land,low,none,no cloud,no fire,no,no,no,no,No,No,0.194835007174,0.113374519953,-0.253629682739,-0.104323510432,-0.531085814361,-0.196914175506
2,2002/03/22,1635,2484,839,1259,3562,4143,2981,1073741824,4247,6040,-4156,72,88,2002/03/29,0.1635,0.2484,0.0839,0.1259,0.3562,0.4143,0.2981,0.206117989803,0.132643814642,-0.250339520145,-0.0909423604758,-0.533876342096,-0.178299702283,0000000001001000,clear,no,land,low,none,no cloud,no fire,no,no,no,no,No,No,0.206117989803,0.132643814642,-0.250339520145,-0.0909423604758,-0.533876342096,-0.178299702283
2,2002/03/30,1389,2097,713,1060,3053,3589,2596,1073741824,3686,358,-4270,72,89,2002/03/30,0.1389,0.2097,0.0713,0.106,0.3053,0.3589,0.2596,0.203098106713,0.117346769649,-0.262398874428,-0.106328574473,-0.543987954399,-0.185631067961,0000000001001000,clear,no,land,low,none,no cloud,no fire,no,no,no,no,No,No,0.203098106713,0.117346769649,-0.262398874428,-0.106328574473,-0.543987954399,-0.185631067961
2,2002/04/07,1210,1867,627,916,2760,3269,2320,1073741824,3020,3821,12505,72,101,2002/04/11,0.121,0.1867,0.0627,0.0916,0.276,0.3269,0.232,0.213519662008,0.113868764949,-0.272975077882,-0.108192022928,-0.562246117085,-0.19299762265,0000000001001000,clear,no,land,low,none,no cloud,no fire,no,no,no,no,No,No,0.213519662008,0.113868764949,-0.272975077882,-0.108192022928,-0.562246117085,-0.19299762265
2,2002/04/15,1364,2068,703,1045,3041,3612,2709,1073741824,2796,845,13307,72,112,2002/04/22,0.1364,0.2068,0.0703,0.1045,0.3041,0.3612,0.2709,0.205128205128,0.117493908341,-0.271830985915,-0.134184634708,-0.5512132274,-0.190448228616,0000000001001000,clear,no,land,low,none,no cloud,no fire,no,no,no,no,No,No,0.205128205128,0.117493908341,-0.271830985915,-0.134184634708,-0.5512132274,-0.190448228616
2,2002/04/23,1503,2255,778,1156,3309,3819,2920,1073741824,2872,1532,-4408,72,114,2002/04/24,0.1503,0.2255,0.0778,0.1156,0.3309,0.3819,0.292,0.200106439596,0.12177743231,-0.257490945012,-0.128502415459,-0.53527638191,-0.189432063264,0000000001001000,clear,no,land,low,none,no cloud,no fire,no,no,no,no,No,No,0.200106439596,0.12177743231,-0.257490945012,-0.128502415459,-0.53527638191,-0.189432063264
2,2002/05/01,1368,2111,701,1039,3067,3585,2652,1073741824,2342,821,13220,136,128,2002/05/08,0.1368,0.2111,0.0701,0.1039,0.3067,0.3585,0.2652,0.213567116988,0.123327689805,-0.258778089888,-0.113583875709,-0.550605536332,-0.184627269216,0000000010001000,clear,no,land,average,none,no cloud,no fire,no,no,no,no,No,No,0.213567116988,0.123327689805,-0.258778089888,-0.113583875709,-0.550605536332,-0.184627269216
2,2002/05/09,1417,2206,727,1073,3194,3705,2686,1073741824,2113,1999,13470,136,135,2002/05/15,0.1417,0.2206,0.0727,0.1073,0.3194,0.3705,0.2686,0.217775324317,0.129297630363,-0.253594992387,-0.0981193785773,-0.550858099623,-0.182962962963,0000000010001000,clear,no,land,average,none,no cloud,no fire,no,no,no,no,No,No,0.217775324317,0.129297630363,-0.253594992387,-0.0981193785773,-0.550858099623,-0.182962962963
2,2002/05/17,1308,2099,686,1011,3082,3522,2610,1073741824,1914,3030,13571,72,142,2002/05/22,0.1308,0.2099,0.0686,0.1011,0.3082,0.3522,0.261,0.232169063692,0.133596811242,-0.253157801103,-0.108515608409,-0.553937789543,-0.189731712025,0000000001001000,clear,no,land,low,none,no cloud,no fire,no,no,no,no,No,No,0.232169063692,0.133596811242,-0.253157801103,-0.108515608409,-0.553937789543,-0.189731712025
2,2002/05/25,1697,2673,878,1324,3798,4222,3069,1073741824,2175,1477,-3197,136,146,2002/05/26,0.1697,0.2673,0.0878,0.1324,0.3798,0.4222,0.3069,0.223340961098,0.149969268593,-0.224655547498,-0.0689655172414,-0.522538766679,-0.173852573018,0000000010001000,clear,no,land,average,none,no cloud,no fire,no,no,no,no,No,No,0.223340961098,0.149969268593,-0.224655547498,-0.0689655172414,-0.522538766679,-0.173852573018
2,2002/06/02,1475,2371,770,1147,3350,3894,2929,1073741824,2018,301,-3459,136,153,2002/06/02,0.1475,0.2371,0.077,0.1147,0.335,0.3894,0.2929,0.232969318773,0.145021364755,-0.243096568236,-0.105283018868,-0.544931561198,-0.171123929383,0000000010001000,clear,no,land,average,none,no cloud,no fire,no,no,no,no,No,No,0.232969318773,0.145021364755,-0.243096568236,-0.105283018868,-0.544931561198,-0.171123929383
2,2002/06/10,1619,2718,842,1293,3810,4243,3226,1073741824,2073,1504,-2717,136,162,2002/06/11,0.1619,0.2718,0.0842,0.1293,0.381,0.4243,0.3226,0.253400968411,0.17047217224,-0.219077718719,-0.085464333782,-0.532875722543,-0.167279411765,0000000010001000,clear,no,land,average,none,no cloud,no fire,no,no,no,no,No,No,0.253400968411,0.17047217224,-0.219077718719,-0.085464333782,-0.532875722543,-0.167279411765
2,2002/06/18,1368,2379,704,1084,3289,3688,2657,1073741824,1912,864,14723,136,176,2002/06/25,0.1368,0.2379,0.0704,0.1084,0.3289,0.3688,0.2657,0.269815852682,0.165120533089,-0.215757375968,-0.0552025416998,-0.545683151718,-0.160550458716,0000000010001000,clear,no,land,average,none,no cloud,no fire,no,no,no,no,No,No,0.269815852682,0.165120533089,-0.215757375968,-0.0552025416998,-0.545683151718,-0.160550458716
2,2002/06/26,1257,2177,649,998,3167,3471,2538,1073741824,1870,2017,14723,136,183,2002/07/02,0.1257,0.2177,0.0649,0.0998,0.3167,0.3471,0.2538,0.267909143856,0.1548665118,-0.229107648725,-0.0765641569459,-0.553367643768,-0.185254491018,0000000010001000,clear,no,land,average,none,no cloud,no fire,no,no,no,no,No,No,0.267909143856,0.1548665118,-0.229107648725,-0.0765641569459,-0.553367643768,-0.185254491018
2,2002/07/04,1118,2156,581,924,2968,3332,2336,1073741824,1857,3040,14292,136,190,2002/07/09,0.1118,0.2156,0.0581,0.0924,0.2968,0.3332,0.2336,0.317043372022,0.178885327267,-0.214285714286,-0.040071237756,-0.565789473684,-0.158469945355,0000000010001000,clear,no,land,average,none,no cloud,no fire,no,no,no,no,No,No,0.317043372022,0.178885327267,-0.214285714286,-0.040071237756,-0.565789473684,-0.158469945355
2,2002/07/12,1394,2718,703,1176,3715,3980,2881,1073741824,2266,1486,-2757,136,194,2002/07/13,0.1394,0.2718,0.0703,0.1176,0.3715,0.398,0.2881,0.321984435798,0.209367785192,-0.188414452075,-0.0291123414896,-0.543832428239,-0.154982123426,0000000010001000,clear,no,land,average,none,no cloud,no fire,no,no,no,no,No,No,0.321984435798,0.209367785192,-0.188414452075,-0.0291123414896,-0.543832428239,-0.154982123426
2,2002/07/20,1390,2616,726,1146,3477,3796,2741,1073741824,2268,298,-1934,136,201,2002/07/20,0.139,0.2616,0.0726,0.1146,0.3477,0.3796,0.2741,0.306040938592,0.197601702018,-0.184029943855,-0.0233339555721,-0.536220153784,-0.141309699655,0000000010001000,clear,no,land,average,none,no cloud,no fire,no,no,no,no,No,No,0.306040938592,0.197601702018,-0.184029943855,-0.0233339555721,-0.536220153784,-0.141309699655
2,2002/07/28,1465,2668,756,1199,3664,4010,2943,1073741824,2512,1495,-3230,136,210,2002/07/29,0.1465,0.2668,0.0756,0.1199,0.3664,0.401,0.2943,0.291071860634,0.190492779326,-0.20095837077,-0.0490108715024,-0.539642925706,-0.1572962729,0000000010001000,clear,no,land,average,none,no cloud,no fire,no,no,no,no,No,No,0.291071860634,0.190492779326,-0.20095837077,-0.0490108715024,-0.539642925706,-0.1572962729
2,2002/08/05,1242,2417,646,1038,3336,3539,2458,1073741824,2644,863,13692,72,224,2002/08/12,0.1242,0.2417,0.0646,0.1038,0.3336,0.3539,0.2458,0.321125990708,0.195520500532,-0.18838146407,-0.00841025641026,-0.54642779113,-0.159742742917,0000000001001000,clear,no,land,low,none,no cloud,no fire,no,no,no,no,No,No,0.321125990708,0.195520500532,-0.18838146407,-0.00841025641026,-0.54642779113,-0.159742742917
2,2002/08/13,1413,2596,734,1146,3600,3851,2795,1073741824,2845,1504,-3777,72,226,2002/08/14,0.1413,0.2596,0.0734,0.1146,0.36,0.3851,0.2795,0.295086056373,0.189960819577,-0.194664184892,-0.0369133741421,-0.541324794877,-0.162040025823,0000000001001000,clear,no,land,low,none,no cloud,no fire,no,no,no,no,No,No,0.295086056373,0.189960819577,-0.194664184892,-0.0369133741421,-0.541324794877,-0.162040025823
2,2002/08/21,1042,2313,528,884,3115,3099,2085,1073741824,2897,3021,12791,72,238,2002/08/26,0.1042,0.2313,0.0528,0.0884,0.3115,0.3099,0.2085,0.378837555887,0.217562478603,-0.145232815965,0.0518417462483,-0.5561134823,-0.147752394989,0000000001001000,clear,no,land,low,none,no cloud,no fire,no,no,no,no,No,No,0.378837555887,0.217562478603,-0.145232815965,0.0518417462483,-0.5561134823,-0.147752394989
2,2002/08/29,1017,2445,531,912,3237,3050,1864,1073741824,3261,1514,-4514,136,242,2002/08/30,0.1017,0.2445,0.0531,0.0912,0.3237,0.305,0.1864,0.412478336222,0.245116550517,-0.110100090992,0.134834068229,-0.539626451287,-0.139387539599,0000000010001000,clear,no,land,average,none,no cloud,no fire,no,no,no,no,No,No,0.412478336222,0.245116550517,-0.110100090992,0.134834068229,-0.539626451287,-0.139387539599
2,2002/09/06,1062,2606,551,957,3326,3255,2100,1073741824,3406,352,-4032,72,249,2002/09/06,0.1062,0.2606,0.0551,0.0957,0.3326,0.3255,0.21,0.420937840785,0.260011451282,-0.110731957004,0.107522311942,-0.545584045584,-0.12137559002,0000000001001000,clear,no,land,low,none,no cloud,no fire,no,no,no,no,No,No,0.420937840785,0.260011451282,-0.110731957004,0.107522311942,-0.545584045584,-0.12137559002
2,2002/09/14,901,2331,466,817,3017,2909,1776,1073741824,3748,1496,-5023,72,258,2002/09/15,0.0901,0.2331,0.0466,0.0817,0.3017,0.2909,0.1776,0.44245049505,0.251018115433,-0.110305343511,0.135135135135,-0.561460010735,-0.128272251309,0000000001001000,clear,no,land,low,none,no cloud,no fire,no,no,no,no,No,No,0.44245049505,0.251018115433,-0.110305343511,0.135135135135,-0.561460010735,-0.128272251309
2,2002/09/22,937,2364,492,821,3094,2993,1945,1073741824,3929,328,-5810,72,265,2002/09/22,0.0937,0.2364,0.0492,0.0821,0.3094,0.2993,0.1945,0.432293244471,0.249545327364,-0.117416464439,0.0972383383616,-0.56948085999,-0.13374862587,0000000001001000,clear,no,land,low,none,no cloud,no fire,no,no,no,no,No,No,0.432293244471,0.249545327364,-0.117416464439,0.0972383383616,-0.56948085999,-0.13374862587
2,2002/09/30,1031,2379,525,850,3128,3097,1964,1073741824,4286,1533,-5556,72,274,2002/10/01,0.1031,0.2379,0.0525,0.085,0.3128,0.3097,0.1964,0.395307917889,0.230387967869,-0.131117604091,0.0955560672346,-0.569293134026,-0.136008716179,0000000001001000,clear,no,land,low,none,no cloud,no fire,no,no,no,no,No,No,0.395307917889,0.230387967869,-0.131117604091,0.0955560672346,-0.569293134026,-0.136008716179
2,2002/10/08,977,2214,499,789,2945,2909,1860,1073741824,4487,405,-5197,72,281,2002/10/08,0.0977,0.2214,0.0499,0.0789,0.2945,0.2909,0.186,0.387652773425,0.215753305194,-0.135662697638,0.0868924889543,-0.573282855598,-0.141694126769,0000000001001000,clear,no,land,low,none,no cloud,no fire,no,no,no,no,No,No,0.387652773425,0.215753305194,-0.135662697638,0.0868924889543,-0.573282855598,-0.141694126769
2,2002/10/16,1117,2142,571,871,2951,3142,2098,1073741824,4836,1541,-6213,72,290,2002/10/17,0.1117,0.2142,0.0571,0.0871,0.2951,0.3142,0.2098,0.314513654495,0.175977749545,-0.189250567752,0.0103773584906,-0.565910789933,-0.15884547418,0000000001001000,clear,no,land,low,none,no cloud,no fire,no,no,no,no,No,No,0.314513654495,0.175977749545,-0.189250567752,0.0103773584906,-0.565910789933,-0.15884547418
2,2002/10/24,960,1974,490,742,2634,2561,1445,1073741824,4932,5689,10888,72,298,2002/10/25,0.096,0.1974,0.049,0.0742,0.2634,0.2561,0.1445,0.345603271984,0.180311544207,-0.129437706725,0.154723603393,-0.550711474417,-0.143229166667,0000000001001000,clear,no,land,low,none,no cloud,no fire,no,no,no,no,No,No,0.345603271984,0.180311544207,-0.129437706725,0.154723603393,-0.550711474417,-0.143229166667
2,2002/11/01,1010,1702,515,774,2431,2868,1931,1073741824,5418,1962,11172,72,311,2002/11/07,0.101,0.1702,0.0515,0.0774,0.2431,0.2868,0.1931,0.255162241888,0.12446490881,-0.255142231947,-0.0630333058079,-0.574958813839,-0.176385192354,0000000001001000,clear,no,land,low,none,no cloud,no fire,no,no,no,no,No,No,0.255162241888,0.12446490881,-0.255142231947,-0.0630333058079,-0.574958813839,-0.176385192354
2,2002/11/09,1117,1874,578,855,2627,3027,2091,1073741824,5529,392,-6811,72,313,2002/11/09,0.1117,0.1874,0.0578,0.0855,0.2627,0.3027,0.2091,0.253092611167,0.132890948669,-0.23525811059,-0.0547288776797,-0.559505409583,-0.16729615641,0000000001001000,clear,no,land,low,none,no cloud,no fire,no,no,no,no,No,No,0.253092611167,0.132890948669,-0.23525811059,-0.0547288776797,-0.559505409583,-0.16729615641
2,2002/11/17,1165,1859,593,897,2595,3104,2153,1073741824,5798,1568,-6524,72,322,2002/11/18,0.1165,0.1859,0.0593,0.0897,0.2595,0.3104,0.2153,0.229497354497,0.120473561782,-0.250856336893,-0.0732801595214,-0.551612096976,-0.165244723844,0000000001001000,clear,no,land,low,none,no cloud,no fire,no,no,no,no,No,No,0.229497354497,0.120473561782,-0.250856336893,-0.0732801595214,-0.551612096976,-0.165244723844
2,2002/11/25,1031,1610,526,791,2325,2720,1923,1073741824,6019,891,11185,72,336,2002/12/02,0.1031,0.161,0.0526,0.0791,0.2325,0.272,0.1923,0.219235138205,0.104505089885,-0.256351039261,-0.0885932635154,-0.549416120763,-0.181702668361,0000000001001000,clear,no,land,low,none,no cloud,no fire,no,no,no,no,No,No,0.219235138205,0.104505089885,-0.256351039261,-0.0885932635154,-0.549416120763,-0.181702668361
2,2002/12/03,1996,2402,1722,1861,2089,1764,1094,1073741824,6088,2035,11460,32841,343,2002/12/09,0.1996,0.2402,0.1722,0.1861,0.2089,0.1764,0.1094,0.0923146884948,0.0885457559103,0.15314450312,0.37414187643,0.0267586206897,0.0696949454464,1000000001001001,cloudy,no,land,low,none,no cloud,no fire,no,no,no,yes,Yes,Yes,0.210479638068,0.0963701920014,-0.24573381867,-0.0572246541197,-0.532110482993,-0.185147026846
2,2002/12/11,926,1394,492,721,2042,2251,1468,1073741824,6190,899,11627,72,352,2002/12/18,0.0926,0.1394,0.0492,0.0721,0.2042,0.2251,0.1468,0.201724137931,0.0882352941176,-0.23511659808,-0.025856044724,-0.514804845222,-0.188591385332,0000000001001000,clear,no,land,low,none,no cloud,no fire,no,no,no,no,No,No,0.201724137931,0.0882352941176,-0.23511659808,-0.025856044724,-0.514804845222,-0.188591385332
2,2002/12/19,1253,1892,642,958,2685,3004,2141,1073741824,6267,1487,-6082,72,354,2002/12/20,0.1253,0.1892,0.0642,0.0958,0.2685,0.3004,0.2141,0.203179650238,0.109455292909,-0.227124183007,-0.0617406397223,-0.516405855628,-0.173257592309,0000000001001000,clear,no,land,low,none,no cloud,no fire,no,no,no,no,No,No,0.203179650238,0.109455292909,-0.227124183007,-0.0617406397223,-0.516405855628,-0.173257592309
2,2002/12/27,1027,1582,519,791,2274,2517,1625,1073741824,6178,809,11661,72,3,2002/01/03,0.1027,0.1582,0.0519,0.0791,0.2274,0.2517,0.1625,0.212725182062,0.100169656716,-0.228104415711,-0.0134081696289,-0.52176541717,-0.179460580913,0000000001001000,clear,no,land,low,none,no cloud,no fire,no,no,no,no,No,No,0.212725182062,0.100169656716,-0.228104415711,-0.0134081696289,-0.52176541717,-0.179460580913
2,2003/01/01,1027,1582,519,791,2274,2517,1625,1073741824,6178,809,11661,72,3,2003/01/03,0.1027,0.1582,0.0519,0.0791,0.2274,0.2517,0.1625,0.212725182062,0.100169656716,-0.228104415711,-0.0134081696289,-0.52176541717,-0.179460580913,0000000001001000,clear,no,land,low,none,no cloud,no fire,no,no,no,no,No,No,0.212725182062,0.100169656716,-0.228104415711,-0.0134081696289,-0.52176541717,-0.179460580913
2,2003/01/09,1191,1779,607,911,2508,2979,1966,1073741824,6126,395,-5240,72,12,2003/01/12,0.1191,0.1779,0.0607,0.0911,0.2508,0.2979,0.1966,0.19797979798,0.102278657158,-0.252206809584,-0.0499332443258,-0.531619537275,-0.170048985304,0000000001001000,clear,no,land,low,none,no cloud,no fire,no,no,no,no,No,No,0.19797979798,0.102278657158,-0.252206809584,-0.0499332443258,-0.531619537275,-0.170048985304
2,2003/01/17,1126,1691,567,854,2233,2903,2048,1075576832,5975,838,11653,72,19,2003/01/19,0.1126,0.1691,0.0567,0.0854,0.2233,0.2903,0.2048,0.200567980121,0.0995103737363,-0.263822377013,-0.0954800748863,-0.545381953686,-0.138124362895,0000000001001000,clear,no,land,low,none,no cloud,no fire,no,no,no,no,No,No,0.200567980121,0.0995103737363,-0.263822377013,-0.0954800748863,-0.545381953686,-0.138124362895
2,2003/01/25,1112,1662,573,850,2353,2665,1872,1073741824,5790,1989,11948,136,26,2003/01/26,0.1112,0.1662,0.0573,0.085,0.2353,0.2665,0.1872,0.19826964672,0.0979588928864,-0.23180032355,-0.0594227504244,-0.516358463727,-0.172104607721,0000000010001000,clear,no,land,average,none,no cloud,no fire,no,no,no,no,No,No,0.19826964672,0.0979588928864,-0.23180032355,-0.0594227504244,-0.516358463727,-0.172104607721
2,2003/02/02,1191,1791,621,923,2591,3023,2173,1073741824,5603,864,12132,72,35,2003/02/04,0.1191,0.1791,0.0621,0.0923,0.2591,0.3023,0.2173,0.201207243461,0.105045694877,-0.255920232655,-0.0963673057518,-0.532184490623,-0.182565038795,0000000001001000,clear,no,land,low,none,no cloud,no fire,no,no,no,no,No,No,0.201207243461,0.105045694877,-0.255920232655,-0.0963673057518,-0.532184490623,-0.182565038795
2,2003/02/10,1640,2424,832,1270,3311,3912,2696,1073741824,5484,4348,-5132,74,48,2003/02/17,0.164,0.2424,0.0832,0.127,0.3311,0.3912,0.2696,0.192913385827,0.122316525212,-0.234848484848,-0.053125,-0.509841759938,-0.154664341761,0000000001001010,mixed,no,land,low,none,no cloud,no fire,no,no,no,no,Yes,Yes,0.198940686009,0.105450659067,-0.267389678864,-0.116281529146,-0.539338574839,-0.183657247066
2,2003/02/18,1256,1871,651,973,2719,3318,2461,1073741824,5135,1550,-5210,72,53,2003/02/22,0.1256,0.1871,0.0651,0.0973,0.2719,0.3318,0.2461,0.196674128558,0.105855623257,-0.278859125072,-0.136195752539,-0.546492659054,-0.184749455338,0000000001001000,clear,no,land,low,none,no cloud,no fire,no,no,no,no,No,No,0.196674128558,0.105855623257,-0.278859125072,-0.136195752539,-0.546492659054,-0.184749455338
2,2003/02/26,1147,1709,593,883,2511,3040,2154,1073741824,4800,1953,12443,136,58,2003/02/27,0.1147,0.1709,0.0593,0.0883,0.2511,0.304,0.2154,0.196778711485,0.099338918938,-0.280269530427,-0.115195443955,-0.549834310477,-0.190047393365,0000000010001000,clear,no,land,average,none,no cloud,no fire,no,no,no,no,No,No,0.196778711485,0.099338918938,-0.280269530427,-0.115195443955,-0.549834310477,-0.190047393365
2,2003/03/06,1211,1778,626,942,2564,3147,2314,1073741824,4508,791,12776,72,67,2003/03/08,0.1211,0.1778,0.0626,0.0942,0.2564,0.3147,0.2314,0.189695550351,0.0987873719423,-0.277969543147,-0.130987292278,-0.53925165077,-0.181022570244,0000000001001000,clear,no,land,low,none,no cloud,no fire,no,no,no,no,No,No,0.189695550351,0.0987873719423,-0.277969543147,-0.130987292278,-0.53925165077,-0.181022570244
2,2003/03/14,1388,2054,717,1080,2886,3531,2577,1073741824,4211,373,-5147,72,76,2003/03/17,0.1388,0.2054,0.0717,0.108,0.2886,0.3531,0.2577,0.193492155723,0.110966709987,-0.264458370636,-0.112934571367,-0.531554977228,-0.168421052632,0000000001001000,clear,no,land,low,none,no cloud,no fire,no,no,no,no,No,No,0.193492155723,0.110966709987,-0.264458370636,-0.112934571367,-0.531554977228,-0.168421052632
2,2003/03/22,1250,1852,655,988,2738,3370,2474,1073741824,3878,846,12944,72,83,2003/03/24,0.125,0.1852,0.0655,0.0988,0.2738,0.337,0.2474,0.194068343005,0.104227985734,-0.290693220988,-0.143781784558,-0.546581000459,-0.19302832244,0000000001001000,clear,no,land,low,none,no cloud,no fire,no,no,no,no,No,No,0.194068343005,0.104227985734,-0.290693220988,-0.143781784558,-0.546581000459,-0.19302832244
2,2003/03/30,1341,1982,688,1058,2815,3452,2617,1073741824,3588,346,-5223,136,92,2003/04/02,0.1341,0.1982,0.0688,0.1058,0.2815,0.3452,0.2617,0.19289798375,0.10778181329,-0.270518954729,-0.138073494238,-0.530820399113,-0.17365019804,0000000010001000,clear,no,land,average,none,no cloud,no fire,no,no,no,no,No,No,0.19289798375,0.10778181329,-0.270518954729,-0.138073494238,-0.530820399113,-0.17365019804
2,2003/04/07,1267,1970,660,1004,2849,3423,2524,1073741824,3265,854,12979,72,99,2003/04/09,0.1267,0.197,0.066,0.1004,0.2849,0.3423,0.2524,0.217176397899,0.120195595678,-0.269423326534,-0.123275478416,-0.546419697312,-0.182402988172,0000000001001000,clear,no,land,low,none,no cloud,no fire,no,no,no,no,No,No,0.217176397899,0.120195595678,-0.269423326534,-0.123275478416,-0.546419697312,-0.182402988172
2,2003/04/15,1383,2233,718,1113,3091,3644,2671,1073741824,3014,374,-4208,72,108,2003/04/18,0.1383,0.2233,0.0718,0.1113,0.3091,0.3644,0.2671,0.235066371681,0.140301069589,-0.240088480517,-0.0893148450245,-0.53205801976,-0.161157024793,0000000001001000,clear,no,land,low,none,no cloud,no fire,no,no,no,no,No,No,0.235066371681,0.140301069589,-0.240088480517,-0.0893148450245,-0.53205801976,-0.161157024793
2,2003/04/23,1278,2203,662,1043,3067,3458,2487,1073741824,2722,810,13039,136,115,2003/04/25,0.1278,0.2203,0.0662,0.1043,0.3067,0.3458,0.2487,0.265728239012,0.155138870254,-0.221692280516,-0.0605543710021,-0.536547433904,-0.16394686907,0000000010001000,clear,no,land,average,none,no cloud,no fire,no,no,no,no,No,No,0.265728239012,0.155138870254,-0.221692280516,-0.0605543710021,-0.536547433904,-0.16394686907
2,2003/05/01,1251,2397,647,1049,3172,3473,2445,1073741824,2536,402,-3681,136,124,2003/05/04,0.1251,0.2397,0.0647,0.1049,0.3172,0.3473,0.2445,0.314144736842,0.190359124282,-0.183304940375,-0.00991325898389,-0.536045997346,-0.139163224996,0000000010001000,clear,no,land,average,none,no cloud,no fire,no,no,no,no,No,No,0.314144736842,0.190359124282,-0.183304940375,-0.00991325898389,-0.536045997346,-0.139163224996
2,2003/05/09,1110,2311,580,951,3100,3238,2253,1073741824,2291,836,13868,72,131,2003/05/11,0.111,0.2311,0.058,0.0951,0.31,0.3238,0.2253,0.351066939491,0.205355310854,-0.16705712741,0.012708150745,-0.545953688231,-0.145814082425,0000000001001000,clear,no,land,low,none,no cloud,no fire,no,no,no,no,No,No,0.351066939491,0.205355310854,-0.16705712741,0.012708150745,-0.545953688231,-0.145814082425
2,2003/05/17,1176,2640,606,1053,3382,3415,2315,1073741824,2194,329,-3354,136,140,2003/05/20,0.1176,0.264,0.0606,0.1053,0.3382,0.3415,0.2315,0.383647798742,0.241568213319,-0.127993393889,0.0655903128153,-0.528648164727,-0.123214878778,0000000010001000,clear,no,land,average,none,no cloud,no fire,no,no,no,no,No,No,0.383647798742,0.241568213319,-0.127993393889,0.0655903128153,-0.528648164727,-0.123214878778
2,2003/05/25,992,2437,527,920,3069,3019,1936,1073741824,2013,882,14290,72,147,2003/05/27,0.0992,0.2437,0.0527,0.092,0.3069,0.3019,0.1936,0.421405657626,0.250233782426,-0.106671554252,0.114566659044,-0.53287636456,-0.114783872139,0000000001001000,clear,no,land,low,none,no cloud,no fire,no,no,no,no,No,No,0.421405657626,0.250233782426,-0.106671554252,0.114566659044,-0.53287636456,-0.114783872139
2,2003/06/02,739,2170,381,735,2747,2447,1456,1073741824,1613,4607,13520,72,159,2003/06/08,0.0739,0.217,0.0381,0.0735,0.2747,0.2447,0.1456,0.491921622551,0.260248063143,-0.0599956681828,0.196911196911,-0.538026398492,-0.117347976408,0000000001001000,clear,no,land,low,none,no cloud,no fire,no,no,no,no,No,No,0.491921622551,0.260248063143,-0.0599956681828,0.196911196911,-0.538026398492,-0.117347976408
2,2003/06/10,980,2468,505,916,3179,3054,1959,1073741824,1906,891,14605,72,163,2003/06/12,0.098,0.2468,0.0505,0.0916,0.3179,0.3054,0.1959,0.431554524362,0.255485731946,-0.106120970663,0.114976281906,-0.538539042821,-0.125907561537,0000000001001000,clear,no,land,low,none,no cloud,no fire,no,no,no,no,No,No,0.431554524362,0.255485731946,-0.106120970663,0.114976281906,-0.538539042821,-0.125907561537
2,2003/06/18,1066,2822,553,1023,3593,3293,2148,1073741824,2219,2592,-2383,72,174,2003/06/23,0.1066,0.2822,0.0553,0.1023,0.3593,0.3293,0.2148,0.451646090535,0.291297568097,-0.0770237121832,0.135613682093,-0.525949953661,-0.120187061574,0000000001001000,clear,no,land,low,none,no cloud,no fire,no,no,no,no,No,No,0.451646090535,0.291297568097,-0.0770237121832,0.135613682093,-0.525949953661,-0.120187061574
2,2003/06/26,940,2381,473,851,3055,2904,1827,1073741824,1953,865,14696,72,179,2003/06/28,0.094,0.2381,0.0473,0.0851,0.3055,0.2904,0.1827,0.433905450166,0.248903167859,-0.0989593188269,0.131653992395,-0.546737683089,-0.123988226637,0000000001001000,clear,no,land,low,none,no cloud,no fire,no,no,no,no,No,No,0.433905450166,0.248903167859,-0.0989593188269,0.131653992395,-0.546737683089,-0.123988226637
2,2003/07/04,1147,2497,580,984,3294,3245,2149,1073741824,2130,373,-2922,136,188,2003/07/07,0.1147,0.2497,0.058,0.0984,0.3294,0.3245,0.2149,0.370472008782,0.224565839377,-0.130268199234,0.0749031424882,-0.534641759281,-0.137627352789,0000000010001000,clear,no,land,average,none,no cloud,no fire,no,no,no,no,No,No,0.370472008782,0.224565839377,-0.130268199234,0.0749031424882,-0.534641759281,-0.137627352789
2,2003/07/12,1162,2304,606,974,3179,3238,2168,1073741824,2123,791,15038,72,195,2003/07/14,0.1162,0.2304,0.0606,0.0974,0.3179,0.3238,0.2168,0.3294864397,0.193808974272,-0.168531216167,0.0304114490161,-0.537511870845,-0.15958416925,0000000001001000,clear,no,land,low,none,no cloud,no fire,no,no,no,no,No,No,0.3294864397,0.193808974272,-0.168531216167,0.0304114490161,-0.537511870845,-0.15958416925
2,2003/07/20,1278,2402,652,1037,3283,3467,2317,1073741824,2352,455,-3243,72,204,2003/07/23,0.1278,0.2402,0.0652,0.1037,0.3283,0.3467,0.2317,0.305434782609,0.18511198946,-0.181461918555,0.0180122907396,-0.539520426288,-0.154969217238,0000000001001000,clear,no,land,low,none,no cloud,no fire,no,no,no,no,No,No,0.305434782609,0.18511198946,-0.181461918555,0.0180122907396,-0.539520426288,-0.154969217238
2,2003/07/28,1085,2223,561,909,2970,3036,1880,1073741824,2387,766,13970,72,211,2003/07/30,0.1085,0.2223,0.0561,0.0909,0.297,0.3036,0.188,0.344014510278,0.195862448797,-0.154592127781,0.0835973677797,-0.539163498099,-0.143847487002,0000000001001000,clear,no,land,low,none,no cloud,no fire,no,no,no,no,No,No,0.344014510278,0.195862448797,-0.154592127781,0.0835973677797,-0.539163498099,-0.143847487002
2,2003/08/05,1205,2397,607,979,3385,3470,2243,1073741824,2655,446,-3492,72,220,2003/08/08,0.1205,0.2397,0.0607,0.0979,0.3385,0.347,0.2243,0.330927262632,0.197684832001,-0.182887335947,0.0331896551724,-0.559901101371,-0.170875129713,0000000001001000,clear,no,land,low,none,no cloud,no fire,no,no,no,no,No,No,0.330927262632,0.197684832001,-0.182887335947,0.0331896551724,-0.559901101371,-0.170875129713
2,2003/08/13,1155,2185,593,932,3000,3245,2222,1073741824,2739,756,13521,72,227,2003/08/15,0.1155,0.2185,0.0593,0.0932,0.3,0.3245,0.2222,0.308383233533,0.17555820692,-0.195211786372,-0.00839573405945,-0.553746708164,-0.157184185149,0000000001001000,clear,no,land,low,none,no cloud,no fire,no,no,no,no,No,No,0.308383233533,0.17555820692,-0.195211786372,-0.00839573405945,-0.553746708164,-0.157184185149
2,2003/08/21,1265,2264,647,1015,3122,3433,2394,1073741824,3042,446,-4655,72,236,2003/08/24,0.1265,0.2264,0.0647,0.1015,0.3122,0.3433,0.2394,0.283083026353,0.166483351665,-0.205195717044,-0.0279089738085,-0.543615107914,-0.159301893799,0000000001001000,clear,no,land,low,none,no cloud,no fire,no,no,no,no,No,No,0.283083026353,0.166483351665,-0.205195717044,-0.0279089738085,-0.543615107914,-0.159301893799
2,2003/08/29,1132,2112,566,944,3013,3241,2241,1073741824,3363,1623,-4430,72,245,2003/09/02,0.1132,0.2112,0.0566,0.0944,0.3013,0.3241,0.2241,0.302096177559,0.167132819428,-0.210909770222,-0.0296347346657,-0.548864994026,-0.175804878049,0000000001001000,clear,no,land,low,none,no cloud,no fire,no,no,no,no,No,No,0.302096177559,0.167132819428,-0.210909770222,-0.0296347346657,-0.548864994026,-0.175804878049
2,2003/09/06,1032,2131,533,889,2939,3240,2160,1073741824,3699,2713,-4811,72,254,2003/09/11,0.1032,0.2131,0.0533,0.0889,0.2939,0.324,0.216,0.347454947834,0.191790862448,-0.206479240365,-0.00675833139128,-0.569387260838,-0.159368836292,0000000001001000,clear,no,land,low,none,no cloud,no fire,no,no,no,no,No,No,0.347454947834,0.191790862448,-0.206479240365,-0.00675833139128,-0.569387260838,-0.159368836292
2,2003/09/14,906,1840,470,754,2645,2895,1939,1073741824,3683,746,12494,72,259,2003/09/16,0.0906,0.184,0.047,0.0754,0.2645,0.2895,0.1939,0.340131099782,0.169805832303,-0.222808870116,-0.0261974067214,-0.58673609208,-0.179487179487,0000000001001000,clear,no,land,low,none,no cloud,no fire,no,no,no,no,No,No,0.340131099782,0.169805832303,-0.222808870116,-0.0261974067214,-0.58673609208,-0.179487179487
2,2003/09/22,1025,1990,530,833,2779,3135,2088,1073741824,4036,421,-5065,136,268,2003/09/25,0.1025,0.199,0.053,0.0833,0.2779,0.3135,0.2088,0.320066334992,0.170314154606,-0.223414634146,-0.0240313879353,-0.580141129032,-0.165443489201,0000000010001000,clear,no,land,average,none,no cloud,no fire,no,no,no,no,No,No,0.320066334992,0.170314154606,-0.223414634146,-0.0240313879353,-0.580141129032,-0.165443489201
2,2003/09/30,1111,2115,579,896,3080,3420,2275,1073741824,4560,3590,-5658,136,279,2003/10/06,0.1111,0.2115,0.0579,0.0896,0.308,0.342,0.2275,0.31122132672,0.173840772933,-0.235772357724,-0.0364464692483,-0.584800741427,-0.185755534167,0000000010001000,clear,no,land,average,none,no cloud,no fire,no,no,no,no,No,No,0.31122132672,0.173840772933,-0.235772357724,-0.0364464692483,-0.584800741427,-0.185755534167
2,2003/10/08,987,1758,495,765,2710,3033,2180,1073741824,4589,388,-5182,72,284,2003/10/11,0.0987,0.1758,0.0495,0.0765,0.271,0.3033,0.218,0.28087431694,0.137998926078,-0.266123982467,-0.107160995429,-0.597156398104,-0.213070725157,0000000001001000,clear,no,land,low,none,no cloud,no fire,no,no,no,no,No,No,0.28087431694,0.137998926078,-0.266123982467,-0.107160995429,-0.597156398104,-0.213070725157
2,2003/10/16,948,1620,483,729,2387,2874,1954,1073741824,4796,819,11388,72,291,2003/10/18,0.0948,0.162,0.0483,0.0729,0.2387,0.2874,0.1954,0.261682242991,0.12275766322,-0.279038718291,-0.0934527140459,-0.595337218984,-0.191415023709,0000000001001000,clear,no,land,low,none,no cloud,no fire,no,no,no,no,No,No,0.261682242991,0.12275766322,-0.279038718291,-0.0934527140459,-0.595337218984,-0.191415023709
2,2003/10/24,1083,1833,550,823,2813,3204,2167,1073741824,5269,2657,-6262,72,302,2003/10/29,0.1083,0.1833,0.055,0.0823,0.2813,0.3204,0.2167,0.257201646091,0.131986484584,-0.272185824896,-0.0835,-0.591259001738,-0.210934136892,0000000001001000,clear,no,land,low,none,no cloud,no fire,no,no,no,no,No,No,0.257201646091,0.131986484584,-0.272185824896,-0.0835,-0.591259001738,-0.210934136892
2,2003/11/01,1060,1770,543,794,2806,3107,2087,1073741824,5444,1550,-6441,72,309,2003/11/05,0.106,0.177,0.0543,0.0794,0.2806,0.3107,0.2087,0.250883392226,0.126267117197,-0.274143940947,-0.0821882291937,-0.592924891054,-0.226398601399,0000000001001000,clear,no,land,low,none,no cloud,no fire,no,no,no,no,No,No,0.250883392226,0.126267117197,-0.274143940947,-0.0821882291937,-0.592924891054,-0.226398601399
2,2003/11/09,960,1594,492,728,2437,2932,1914,1073741824,5499,2008,11188,72,314,2003/11/10,0.096,0.1594,0.0492,0.0728,0.2437,0.2932,0.1914,0.248238057948,0.11599824356,-0.295625276182,-0.0912200684151,-0.60218579235,-0.209129248325,0000000001001000,clear,no,land,low,none,no cloud,no fire,no,no,no,no,No,No,0.248238057948,0.11599824356,-0.295625276182,-0.0912200684151,-0.60218579235,-0.209129248325
2,2003/11/17,950,1531,469,708,2486,2917,2028,1073741824,5756,927,11218,72,323,2003/11/19,0.095,0.1531,0.0469,0.0708,0.2486,0.2917,0.2028,0.234179766223,0.105917526525,-0.311600719424,-0.139645967969,-0.609379310345,-0.237739606672,0000000001001000,clear,no,land,low,none,no cloud,no fire,no,no,no,no,No,No,0.234179766223,0.105917526525,-0.311600719424,-0.139645967969,-0.609379310345,-0.237739606672
2,2003/11/25,962,1529,488,720,2336,2928,1907,1073741824,5884,2081,11154,72,330,2003/11/26,0.0962,0.1529,0.0488,0.072,0.2336,0.2928,0.1907,0.227619429948,0.103914669013,-0.31388826565,-0.110011641444,-0.605263157895,-0.208796895213,0000000001001000,clear,no,land,low,none,no cloud,no fire,no,no,no,no,No,No,0.227619429948,0.103914669013,-0.31388826565,-0.110011641444,-0.605263157895,-0.208796895213
2,2003/12/03,1008,1596,498,757,2514,2860,1969,1073741824,6062,983,11085,72,339,2003/12/05,0.1008,0.1596,0.0498,0.0757,0.2514,0.286,0.1969,0.225806451613,0.105686965274,-0.283662477558,-0.104628330996,-0.581421067183,-0.223357664234,0000000001001000,clear,no,land,low,none,no cloud,no fire,no,no,no,no,No,No,0.225806451613,0.105686965274,-0.283662477558,-0.104628330996,-0.581421067183,-0.223357664234
2,2003/12/11,1556,2563,825,1168,3586,3702,2234,1073741824,6493,5984,-5942,202,347,2003/12/13,0.1556,0.2563,0.0825,0.1168,0.3586,0.3702,0.2234,0.244476814761,0.160232950387,-0.181803671189,0.0685845319992,-0.520328542094,-0.166368515206,0000000011001010,mixed,no,land,high,none,no cloud,no fire,no,no,no,no,Yes,Yes,0.226619521234,0.117415443761,-0.281604161539,-0.0774842335251,-0.580139529558,-0.203968551743
2,2003/12/19,1318,2094,664,992,3042,3719,2316,1073741824,6364,3449,-6054,72,359,2003/12/25,0.1318,0.2094,0.0664,0.0992,0.3042,0.3719,0.2316,0.227432590856,0.129143922247,-0.279545845519,-0.0503401360544,-0.578857991934,-0.184579439252,0000000001001000,clear,no,land,low,none,no cloud,no fire,no,no,no,no,No,No,0.227432590856,0.129143922247,-0.279545845519,-0.0503401360544,-0.578857991934,-0.184579439252
2,2003/12/27,1022,1564,519,777,2336,2902,1819,1073741824,6236,229,-4617,72,364,2003/12/30,0.1022,0.1564,0.0519,0.0777,0.2336,0.2902,0.1819,0.209590100541,0.0981635092549,-0.299596954769,-0.0753768844221,-0.577602609405,-0.197948717949,0000000001001000,clear,no,land,low,none,no cloud,no fire,no,no,no,no,No,No,0.209590100541,0.0981635092549,-0.299596954769,-0.0753768844221,-0.577602609405,-0.197948717949