1,29.175,115.978
2,29.159,115.96
3,29.247,115.97
4,29.204,115.931
5,29.215,115.911
6,30.277,111.478
7,30.255,116.612
8,30.265,116.607
9,30.2,117.012
10,30.234,116.628
11,30.252,116.608
12,30.211,116.583
13,30.275,116.291
14,30.25,116.585
15,30.246,116.628
16,30.095,117.32
17,30.241,116.61
18,32.571,119.801
19,33.502,120.564
20,33.472,120.775
21,35.838,122.991
22,36.595,126.603
23,36.583,126.446
24,36.617,126.541
25,36.619,126.567
26,36.815,127.202
27,36.763,126.523
28,36.595,126.584
29,37.032,126.799
30,37.049,126.798
31,37.919,126.388
32,37.987,126.376
33,37.937,126.432
34,37.827,125.898
35,38.097,125.231
36,37.882,126.362
37,37.953,126.168
38,29.175,115.978
39,29.188,116.014
40,29.107,115.963
41,29.18,115.974
42,29.181,115.999
43,28.547,117.308
44,29.162,116.016
45,29.266,115.767
46,29.239,115.52
47,29.173,115.97
48,29.175,115.978
49,29.208,116.089
50,29.178,115.948
51,29.245,115.965
52,29.218,116.001
53,29.174,115.961
54,29.178,115.876
55,29.198,116.007
56,29.197,115.978
57,29.304,116.031
58,29.171,115.924
59,29.17,115.985
60,29.175,115.967
61,29.096,115.84
62,29.201,115.941
63,29.197,115.968
64,29.196,115.968
65,29.206,115.964
66,29.21,115.977
67,29.2,115.989
68,29.189,116.024
69,29.158,116.05
70,28.899,117.262
71,28.986,116.291
72,28.989,116.207
73,28.982,116.167
74,28.983,116.167
75,28.98,116.206
76,29.014,116.217
77,28.956,116.23
78,29.012,116.239
79,29.036,116.266
80,29.012,116.236
81,28.997,116.262
82,28.977,116.244
83,28.984,116.284
84,28.976,116.237
85,28.973,116.252
86,28.943,116.256
87,28.944,116.255
88,28.992,116.331
89,28.934,116.259
90,28.915,116.328
91,28.968,116.205
92,29.162,116.583
93,28.975,116.163
94,28.941,116.245
95,28.938,116.263
96,28.94,116.259
97,28.848,116.326
98,28.999,116.166
99,28.981,116.254
100,28.863,116.421
101,32.945,120.873
102,32.959,120.843
103,40.303,124.198
104,40.447,124.434
105,40.172,124.458
106,40.115,124.555
107,40.18,124.506
108,40.172,124.473
109,40.161,124.504
110,40.166,124.306
111,40.115,124.586
112,40.065,124.506
113,40.157,124.472
114,40.18,124.434
115,40.187,124.512
116,40.175,124.451
117,40.139,124.431
118,40.154,124.386
119,40.153,124.444
120,40.217,124.254
121,40.092,124.279
122,40.424,125.447
123,40.12,124.397
124,40.099,124.344
125,40.15,124.391
126,40.295,124.905
127,40.072,124.446
128,40.163,124.444
129,40.148,124.447
130,40.159,124.439
131,40.165,124.433
132,40.126,124.441
133,40.022,124.468
134,40.145,124.443
135,40.164,124.461
136,40.147,124.406
137,45.952,130.703
138,46.278,130.846
139,46.346,130.834
140,46.319,130.697
141,46.279,130.753
142,46.314,130.692
143,46.309,130.694
144,46.333,130.601
145,47.408,131.497
146,47.242,131.491
147,47.23,131.508
148,47.281,131.64
149,47.239,131.465
150,47.901,133.456
151,47.949,133.452
152,47.999,133.497
153,47.438,133.617
154,47.859,133.519
155,47.922,133.468
156,47.904,133.454
157,47.923,133.511
158,47.967,133.526
159,47.885,133.455
160,47.909,133.512
161,47.863,133.434
162,47.904,133.454
163,47.871,133.403
164,47.912,133.498
165,47.97,133.221
166,47.913,133.486
167,47.899,133.395
168,47.901,133.425
169,47.912,133.577
170,47.953,133.496
171,52.342,136.633
172,52.115,138.122
173,51.642,136.294
174,51.501,136.434
175,51.434,136.6
176,51.4,136.517
177,51.413,136.46
178,51.46,136.519
179,51.317,136.71
180,51.36,136.352
181,51.71,136.05
182,51.493,136.37
183,51.424,136.57
184,51.399,136.821
185,51.413,136.549
186,51.466,136.193
187,51.41,136.48
188,51.412,136.472
189,51.408,136.484
190,51.406,136.489
191,51.412,136.41
192,51.4,136.442
193,51.409,136.492
194,51.44,136.515
195,51.377,136.359
196,51.374,136.5
197,51.438,136.208
198,51.23,137.814
199,51.413,136.474
200,51.43,136.512
201,51.466,136.394
202,51.406,136.478
203,51.406,136.482
204,51.406,136.48
205,51.404,136.453
206,51.403,136.473
207,51.414,136.469
208,53.963,135.585
209,53.942,135.567
210,53.844,135.329
211,53.785,135.583
212,53.776,135.178
213,53.793,135.186
214,53.769,135.186
215,52.661,134.651
216,52.734,134.218
217,52.687,134.359
218,52.785,134.323
219,52.712,134.343
220,52.727,134.338
221,51.544,136.36
222,51.512,136.352
223,51.446,137.928
224,51.551,136.297
225,50.908,135.866
226,51.489,136.484
227,51.451,136.546
228,51.547,136.428
229,51.531,136.423
230,51.529,136.433
231,51.53,136.44
232,51.565,136.466
233,51.505,136.43
234,51.516,136.398
235,51.528,136.409
236,51.408,136.478
237,51.4,136.491
238,51.457,136.155
239,51.42,136.499
240,51.439,136.311
241,51.394,136.542
242,51.239,136.779
243,51.418,136.599
244,51.408,136.505
245,51.411,136.475
246,51.392,136.441
247,51.365,136.472
248,51.481,136.523
249,51.374,136.574
250,51.342,136.489
251,51.411,136.545
252,51.409,136.478
253,51.415,136.408
254,51.406,136.483
255,51.409,136.487
256,51.394,136.436
257,51.401,136.472
258,51.4,136.474
259,51.402,136.476
260,51.394,136.494
261,51.413,136.47
262,51.412,136.425
263,51.411,136.454
264,51.417,136.483
265,51.412,136.49
266,51.409,136.727
267,51.44,136.335
268,51.38,136.476
269,51.322,136.216
270,51.498,136.934
271,51.373,136.486
272,51.314,136.358
273,51.402,136.464
274,51.341,136.367
275,51.414,136.438
276,51.44,136.484
277,51.277,136.665
278,51.335,136.526
279,51.413,136.449
280,51.402,136.449
281,51.403,136.474
282,51.402,136.46
283,51.417,136.264
284,51.403,136.478
285,51.403,136.474
286,51.39,136.447
287,51.416,136.46
288,51.409,136.49
289,51.396,136.441
290,51.393,136.45
291,51.351,136.252
292,51.395,136.43
293,51.403,136.475
294,51.415,136.46
295,51.366,136.454
296,51.349,136.631
297,51.391,136.456
298,51.367,136.62
299,51.413,136.484
300,51.395,136.416
301,51.458,136.33
302,51.299,136.742
303,51.395,136.522
304,51.404,136.48
305,51.399,136.451
306,51.399,136.454
307,51.417,136.568
308,51.383,136.496
309,51.401,136.484
310,51.401,136.462
311,51.45,136.467
312,51.404,136.441
313,51.398,136.481
314,51.374,136.474
315,51.417,136.473
316,51.397,136.468
317,51.396,136.444
318,51.407,136.486
319,51.412,136.476
320,51.406,136.486
321,51.398,136.482
322,51.405,136.478
323,51.501,136.884
324,51.39,136.731
325,51.397,136.569
326,51.377,136.505
327,51.422,136.481
328,51.404,136.46
329,51.438,136.42
330,51.299,137.084
331,51.407,136.442
332,51.312,136.51
333,51.41,136.452
334,51.403,136.47
335,51.42,136.484
336,51.396,136.506
337,51.411,136.488
338,51.403,136.295
339,51.382,136.494
340,51.416,136.536
341,51.409,136.58
342,51.405,136.485
343,51.399,136.467
344,51.404,136.484
345,51.413,136.54
346,51.405,136.481
347,51.418,136.492
348,51.405,136.495
349,51.408,136.492
350,51.406,136.464
351,51.403,136.462
352,51.394,136.494
353,51.399,136.449
354,51.401,136.467
355,51.407,136.47
356,51.395,136.479
357,51.395,136.484
358,51.395,136.478
359,51.392,136.474
360,51.394,136.48
361,51.387,136.414
362,51.383,136.471
363,51.39,136.49
364,51.4,136.482
365,51.426,136.541
366,51.394,136.503
367,51.416,136.649
368,51.385,136.463
369,51.4,136.485
370,51.495,136.769
371,51.376,136.452
372,51.413,136.504
373,51.647,136.911
374,51.399,136.485
375,51.309,136.636
376,51.44,136.81
377,51.378,136.474
378,51.394,136.491
379,51.399,136.465
380,51.402,136.15
381,51.432,136.508
382,51.394,136.485
383,51.394,136.484
384,51.358,136.457
385,51.398,136.441
386,51.398,136.479
387,51.402,136.512
388,51.378,136.545
389,51.414,136.502
390,51.37,136.526
391,51.366,136.57
392,51.292,136.206
393,51.402,136.47
394,51.406,136.574
395,51.365,136.48
396,51.566,136.276
397,51.392,136.459
398,51.4,136.424
399,51.4,136.45
400,51.394,136.455
401,51.397,136.472
402,51.527,136.452
403,51.408,136.453
404,51.656,138.764
405,51.302,136.648
406,51.422,136.596
407,51.401,136.451
408,51.405,136.298
409,51.374,136.539
410,51.344,136.531
411,51.393,136.465
412,51.45,136.374
413,51.402,136.469
414,51.393,136.48
415,51.406,136.462
416,51.392,136.464
417,51.395,136.461
418,51.399,136.489
419,51.393,136.459
420,51.428,136.474
421,51.441,136.466
422,51.409,136.482
423,51.394,136.448
424,51.368,136.328
425,51.421,136.725
426,51.483,136.562
427,51.312,136.638
428,51.418,136.351
429,51.391,136.313
430,51.402,136.466
431,51.401,136.449
432,51.409,136.471
433,51.401,136.445
434,51.276,136.536
435,51.377,136.428
436,51.346,136.586
437,51.398,136.491
438,51.403,136.462
439,51.447,136.468
440,51.4,136.49
441,51.399,136.496
442,51.405,136.4
443,51.403,136.478
444,51.228,135.288
445,51.404,136.446
446,51.408,136.508
447,51.401,136.459
448,51.407,136.463
449,51.4,136.47
450,51.381,136.538
451,51.38,136.483
452,51.395,136.477
453,51.407,136.46
454,51.397,136.465
455,51.387,136.489
456,51.415,136.488
457,51.304,136.398
458,51.376,136.483
459,51.398,136.466
460,51.402,136.465
461,51.399,136.47
462,51.392,136.473
463,51.406,136.474
464,51.4,136.453
465,51.4,136.465
466,51.401,136.462
467,51.397,136.469
468,47.933,133.894
469,47.938,133.873
470,47.931,133.893
471,47.928,133.901
472,47.818,134.027
473,47.825,134.013
474,47.806,133.964
475,47.658,133.207
476,47.821,134.042
477,47.782,134.276
478,47.93,134.214
479,47.849,134.062
480,47.85,134.067
481,47.842,134.041
482,47.849,134.084
483,47.848,134.077
484,47.837,134.045
485,47.835,134.012
486,47.837,134.003
487,47.836,133.996
488,47.878,134.056
489,47.855,133.825
490,48.035,133.567
491,47.871,133.947
492,47.877,133.983
493,47.876,133.954
494,47.9,133.942
495,47.873,133.977
496,47.873,133.997
497,47.857,133.895
498,47.87,133.954
499,48.003,134.15
500,47.998,134.149
501,47.884,133.963
502,47.878,133.871
503,47.918,134.001
504,47.834,133.791
505,47.894,133.923
506,47.896,133.978
507,47.934,133.205
508,45.972,132.813
509,45.665,133.138
510,45.97,133.845
511,46.003,132.816
512,45.891,133.083
513,45.972,132.688
514,46.006,132.802
515,45.98,132.8
516,43.445,131.376
517,43.369,131.49
518,43.213,131.091
519,43.275,132.194
520,43.201,131.034
521,43.224,131.119
522,43.19,131.09
523,43.201,131.113
524,43.351,131.025
525,43.2,131.109
526,43.203,131.112
527,40.084,128.316
528,40.083,128.347
529,40.088,128.337
530,40.071,128.342
531,40.156,128.686
532,40.117,128.375
533,40.123,128.398
534,40.026,128.475
535,39.945,127.852
536,39.342,127.174
537,29.175,115.978
538,29.009,117.516
539,29.193,115.96
540,29.156,115.976
541,29.2,116.017
542,29.153,115.973
543,29.183,115.966
544,29.161,116.166
545,29.175,115.975
546,29.124,116.049
547,29.206,115.951
548,29.192,115.916
549,29.232,115.969
550,29.206,115.931
551,29.193,115.956
552,29.178,115.95
553,29.192,116.019
554,29.175,115.967
555,29.199,115.968
556,29.176,115.974
557,29.078,116.291
558,29.177,115.943
559,29.266,114.883
560,29.19,115.924
561,29.088,115.875
562,29.102,115.575
563,29.001,115.539
564,29.201,115.978
565,34.07,94.355
566,33.222,96.343
567,29.059,115.648
568,29.195,115.958
569,29.164,115.952
570,29.286,115.485
571,29.12,115.898
572,29.177,115.97
573,29.185,115.927
574,29.239,116.041
575,29.125,115.992
576,29.183,116.044
577,29.188,115.953
578,29.182,115.987
579,29.14,115.888
580,29.199,115.974
581,29.177,115.968
582,29.775,114.808
583,29.159,116.104
584,29.193,115.941
585,29.368,115.146
586,29.175,115.956
587,29.234,115.711
588,29.066,115.853
589,29.175,115.948
590,31.308,118.571
591,32.963,120.276
592,37.193,118.722
593,37.172,118.75
594,37.187,118.763
595,37.185,118.738
596,37.169,118.753
597,37.22,118.715
598,37.165,118.722
599,37.182,118.757
600,37.839,118.494
601,37.873,118.577
602,38.136,117.504
603,37.916,118.646
604,37.954,118.551
605,37.847,118.609
606,37.952,118.581
607,37.946,118.59
608,37.936,118.632
609,37.932,118.601
610,37.939,118.58
611,37.942,118.591
612,37.931,118.639
613,37.948,118.611
614,37.954,118.588
615,37.954,118.632
616,38.002,118.684
617,37.935,118.595
618,45.526,125.265
619,45.906,127.403
620,45.8,127.299
621,45.956,127.152
622,46.014,127.263
623,46.006,127.179
624,46.042,126.92
625,46.025,127.262
626,45.98,127.189
627,45.975,127.155
628,46.015,127.185
629,45.988,127.163
630,46.007,127.174
631,45.992,127.242
632,45.996,126.942
633,46.056,127.523
634,45.968,127.174
635,46.006,127.197
636,45.919,127.126
637,46.718,125.197
638,46.66,125.424
639,46.251,125.415
640,46.392,125.893
641,46.342,125.619
642,45.954,126.984
643,46.01,127.16
644,46.047,127.187
645,45.996,127.165
646,45.99,127.177
647,45.979,127.133
648,46.02,127.239
649,45.998,127.142
650,45.994,127.173
651,45.979,127.206
652,45.922,126.881
653,42.436,110.356
654,45.989,127.155
655,45.88,126.284
656,46.008,127.161
657,46.014,127.178
658,45.988,127.013
659,46.008,127.174
660,46,127.159
661,45.996,127.184
662,45.998,127.18
663,46.005,127.174
664,45.997,127.186
665,45.852,127.08
666,46.034,127.104
667,46.011,127.146
668,45.988,127.035
669,46.018,127.167
670,45.988,127.083
671,45.995,127.16
672,45.972,127.376
673,45.992,126.982
674,46.131,127.224
675,45.968,127.145
676,46.006,127.178
677,46.012,127.146
678,45.994,127.129
679,46.068,126.874
680,46.038,127.265
681,46.016,127.155
682,46.022,127.192
683,46,127.185
684,45.709,124.86
685,45.909,124.914
686,45.941,124.983
687,45.896,124.756
688,45.96,124.971
689,46.263,126.625
690,46.617,125.584
691,46.633,125.326
692,46.654,124.969
693,46.524,124.342
694,46.502,125.008
695,46.485,125.039
696,46.508,125.019
697,46.558,125.096
698,46.654,126.015
699,46.491,125.033
700,46.507,125.015
701,29.175,115.978
702,28.997,115.723
703,29.194,115.977
704,29.16,116.316
705,29.334,113.041
706,29.003,115.583
707,29.082,115.902
708,28.997,116.01
709,28.989,116.035
710,28.994,116.257
711,29.498,113.911
712,29.026,115.608
713,29.186,115.926
714,29.192,115.924
715,29.403,115.257
716,29.276,116.253
717,29.112,115.84
718,28.536,116.88
719,30.066,116.013
720,30.058,116.049
721,36.979,119.59
722,42.646,124.901
723,42.835,124.085
724,43.144,123.419
725,43.126,123.428
726,43.269,123.696
727,43.192,123.288
728,43.078,123.117
729,43.041,123.451
730,43.143,123.662
731,43.132,123.436
732,43.151,123.715
733,43.139,123.405
734,43.203,123.454
735,43.164,123.418
736,48.285,127.431
737,48.195,127.36
738,48.31,127.214
739,50.529,130.226
740,54.05,130.924
741,53.982,132.072
742,55.669,128.808
743,55.603,128.85
744,55.042,128.693
745,55.639,128.788
746,55.701,129.152
747,55.636,128.906
748,55.676,128.812
749,55.503,128.751
750,55.713,128.639
751,55.705,128.758
752,55.706,128.765
753,55.693,128.481
754,55.695,128.654
755,55.678,128.574
756,55.727,128.753
757,55.712,129.22
758,55.735,128.631
759,55.707,128.72
760,55.252,127.622
761,55.252,127.626
762,55.684,128.774
763,55.634,128.951
764,55.637,128.686
765,55.854,128.629
766,55.654,128.744
767,55.39,129.157
768,55.725,128.717
769,55.727,129.181
770,55.726,128.651
771,55.791,129.166
772,54.014,131.224
773,55.808,128.58
774,55.74,128.619
775,55.69,128.937
776,55.576,128.657
777,55.665,128.332
778,55.631,128.836
779,55.484,128.819
780,55.264,129.014
781,55.603,128.652
782,55.426,134.127
783,55.58,128.728
784,55.536,128.671
785,54.97,130.608
786,55.584,128.34
787,55.4,129.369
788,55.741,129.351
789,55.657,128.696
790,55.659,128.755
791,55.65,128.665
792,54.71,128.936
793,54.648,128.415
794,55.362,126.379
795,54.63,128.498
796,54.642,128.263
797,54.123,124.812
798,54.529,128.372
799,53.146,124.133
800,54.549,128.217
801,54.518,128.787
802,54.608,128.279
803,51.033,127.976
804,51.201,126.668
805,51.028,128.004
806,51.163,126.648
807,51.33,127.1
808,50.96,127.218
809,50.856,128.634
810,50.694,127.156
811,51.121,127.93
812,50.999,127.963
813,50.998,127.965
814,51.003,127.87
815,50.991,127.856
816,50.999,127.984
817,51.027,127.434
818,51.034,128.028
819,51.009,127.902
820,51.031,127.902
821,51.043,127.905
822,51.023,127.962
823,51.095,128.708
824,50.719,125.412
825,51.016,127.901
826,51.022,127.968
827,51.024,127.905
828,51.017,127.851
829,51.029,128.162
830,51.108,127.848
831,51.497,127.599
832,51.026,127.945
833,50.99,128.259
834,51,128.003
835,50.995,127.985
836,51.02,128.01
837,51.056,127.993
838,50.986,127.771
839,51.135,128.545
840,51.02,128.475
841,51.027,127.846
842,51.183,127.649
843,51.013,127.92
844,51.002,128.199
845,51.327,127.691
846,51.132,128.077
847,51.135,127.91
848,51.071,128.084
849,50.995,127.898
850,51.023,127.898
851,51.033,127.95
852,50.996,127.978
853,51.021,127.925
854,50.927,127.855
855,50.926,127.772
856,51.104,127.917
857,50.983,128.324
858,50.847,127.817
859,50.978,128.061
860,50.827,128.22
861,51.098,128.187
862,50.922,127.875
863,50.878,128.332
864,50.819,128.164
865,51.02,128.013
866,51.059,127.858
867,51.113,127.604
868,51.051,127.956
869,51.058,127.806
870,51.013,128.026
871,50.736,128.288
872,51.265,129.027
873,51.042,128.045
874,51,127.85
875,51.002,127.883
876,51.016,127.941
877,51.148,127.762
878,50.994,128.195
879,50.965,128.114
880,50.812,127.906
881,50.944,128.398
882,51.057,127.125
883,51.056,127.78
884,51.126,128.893
885,51.485,127.425
886,50.934,128.158
887,51.217,128.898
888,50.968,127.995
889,50.998,127.782
890,51.023,127.954
891,51.016,127.92
892,51.016,127.985
893,51.019,127.948
894,50.934,128.039
895,51.013,127.899
896,51.274,127.503
897,50.927,127.408
898,50.998,127.691
899,50.048,125.292
900,51.358,127.138
901,51.024,127.894
902,51.043,128.024
903,51.096,127.927
904,50.478,127.774
905,50.278,127.711
906,50.556,127.676
907,50.58,127.858
908,50.655,127.831
909,50.705,127.912
910,50.945,127.874
911,51.02,127.913
912,50.972,127.799
913,43.136,124.756
914,43.035,124.71
915,43.134,124.912
916,43.111,124.975
917,43.061,125.097
918,43.625,120.975
919,43.127,124.91
920,43.101,124.905
921,43.179,124.608
922,42.95,123.448
923,42.297,123.794
924,41.955,124.722
925,42.237,124.774
926,42.61,123.721
927,42.388,124.146
928,42.244,124.978
929,41.98,124.788
930,41.988,124.741
931,42.028,124.786
932,42.079,124.717
933,34.001,120.44
934,-22.192,178.156
935,34.079,119.519
936,34.05,119.638
937,34.218,119.492
938,34.082,119.669
939,34.064,119.623
940,34.078,119.677
941,34.066,119.626
942,34.068,119.623
943,34.058,119.602
944,34.009,119.738
945,34.065,119.586
946,34.082,119.607
947,34.066,119.589
948,34.056,119.598
949,34.034,119.644
950,34.057,119.613
951,34.029,119.6
952,34.056,119.587
953,34.058,119.559
954,33.229,118.316
955,33.371,118.39
956,33.15,118.274
957,33.253,118.256
958,33.23,118.319
959,31.472,116.849
960,29.205,115.927
961,29.199,115.935
962,29.197,115.943
963,29.188,115.9
964,29.22,115.877
965,29.171,115.927
966,29.242,116.338
967,29.217,115.984
968,29.056,116.154
969,29.177,115.925
970,29.407,115.886
971,29.232,116.057
972,28.785,116.007
973,28.996,116.736
974,29.146,115.941
975,29.474,117.216
976,29.196,115.958
977,29.089,116.06
978,28.576,116.042
979,28.842,116.753
980,28.691,115.751
981,28.575,116.168
982,28.253,117.214
983,29.055,115.824
984,29.571,117.699
985,28.429,115.829
986,29.229,117.456
987,28.653,116.331
988,28.548,116.149
989,28.609,116.302
990,28.571,116.153
991,28.565,116.142
992,28.557,116.226
993,28.583,116.342
994,28.526,116.065
995,28.39,116.486
996,28.573,116.172
997,28.499,116.465
998,28.715,116.19
999,28.516,116.409
1000,28.913,116.562
1001,28.622,116.057
1002,28.679,116.535
1003,28.55,116.163
1004,26.646,114.847
1005,28.487,117.134
1006,28.569,116.043
1007,28.425,116.189
1008,28.613,116.116
1009,28.642,116.262
1010,28.962,113.844
1011,27.905,113.031
1012,28.547,116.23
1013,28.548,116.128
1014,28.547,116.179
1015,28.564,116.189
1016,28.781,115.64
1017,28.773,115.467
1018,28.587,116.131
1019,28.546,116.876
1020,28.465,115.962
1021,28.412,116.665
1022,28.632,116.149
1023,28.562,116.166
1024,28.557,116.12
1025,28.553,116.261
1026,28.555,116.16
1027,28.663,115.698
1028,28.578,116.15
1029,28.56,116.164
1030,28.569,116.222
1031,28.57,116.21
1032,28.55,116.14
1033,28.541,116.18
1034,28.583,115.805
1035,28.687,116.201
1036,28.759,115.277
1037,28.136,116.467
1038,28.119,116.085
1039,41.205,122.442
1040,41.232,122.369
1041,41.754,122.876
1042,41.667,122.637
1043,41.726,122.65
1044,41.741,122.882
1045,41.713,122.798
1046,41.737,122.863
1047,41.958,125.676
1048,42.703,123.557
1049,42.775,123.19
1050,42.913,123.642
1051,41.736,122.894
1052,41.698,122.638
1053,41.756,122.847
1054,41.69,125.63
1055,41.743,122.872
1056,41.762,122.76
1057,41.611,124.012
1058,40.647,125.081
1059,42.006,123.749
1060,41.759,123.071
1061,41.738,122.896
1062,41.938,123.083
1063,42.349,123.59
1064,45.088,127.782
1065,46.071,128.44
1066,49.793,127.463
1067,49.932,126.822
1068,49.91,126.979
1069,49.91,127.058
1070,49.954,126.882
1071,49.912,127.016
1072,49.909,126.949
1073,49.966,127.111
1074,49.929,127.02
1075,49.978,126.865
1076,50.032,127.03
1077,49.925,126.962
1078,49.975,126.581
1079,49.971,126.927
1080,49.825,127.783
1081,49.957,126.246
1082,49.747,126.609
1083,49.969,126.834
1084,49.9,126.67
1085,49.87,126.684
1086,49.948,126.915
1087,49.934,126.96
1088,49.937,126.914
1089,50.089,126.275
1090,49.805,127.629
1091,49.893,126.578
1092,49.966,126.774
1093,49.913,126.974
1094,49.833,127.276
1095,49.762,127.014
1096,49.883,126.86
1097,50.038,127.475
1098,49.875,127.034
1099,49.861,126.527
1100,50.013,126.853
1101,49.942,126.948
1102,49.997,126.789
1103,49.935,126.973
1104,49.75,127.548
1105,50.095,127.09
1106,49.887,127.342
1107,49.93,126.762
1108,49.612,127.425
1109,49.992,127.107
1110,49.755,126.819
1111,49.935,126.76
1112,49.98,127.126
1113,49.927,126.933
1114,49.945,126.881
1115,50,126.827
1116,50.056,126.867
1117,50.034,126.634
1118,49.957,126.995
1119,50.044,126.929
1120,49.846,125.968
1121,49.704,128.45
1122,49.908,127.004
1123,49.84,126.801
1124,49.947,127.174
1125,49.95,127.034
1126,49.937,126.91
1127,49.95,126.987
1128,49.873,126.711
1129,49.937,126.96
1130,49.935,126.924
1131,49.905,126.977
1132,49.903,126.979
1133,50.096,126.723
1134,50.093,126.726
1135,49.97,126.985
1136,50.069,127.381
1137,49.95,126.904
1138,49.914,126.871
1139,49.946,126.818
1140,49.916,126.861
1141,49.916,126.61
1142,50.124,126.477
1143,49.875,127.005
1144,49.909,127.049
1145,49.949,127.055
1146,50.017,127.27
1147,49.869,127.004
1148,49.9,126.98
1149,49.913,126.98
1150,50.085,128.071
1151,50.101,127.331
1152,49.018,127.322
1153,48.778,128.66
1154,49.644,124.194
1155,49.037,124.751
1156,48.969,124.699
1157,48.988,124.484
1158,48.965,124.703
1159,48.96,124.761
1160,48.93,124.62
1161,48.945,124.552
1162,48.941,124.703
1163,48.93,124.669
1164,48.95,124.722
1165,48.94,124.745
1166,48.93,124.638
1167,49.217,123.874
1168,48.881,124.754
1169,48.804,123.984
1170,50.364,125.157
1171,48.859,124.41
1172,49.635,126.216
1173,48.407,124.685
1174,48.347,124.547
1175,47.734,124.69
1176,47.429,124.25
1177,47.429,124.248
1178,47.435,124.194
1179,47.417,124.25
1180,47.419,124.222
1181,47.468,124.411
1182,47.389,124.08
1183,47.479,124.254
1184,47.425,124.235
1185,48.97,124.744
1186,48.952,124.793
1187,48.984,124.738
1188,48.995,124.69
1189,48.978,124.712
1190,48.969,124.756
1191,48.841,124.77
1192,49.029,124.299
1193,48.971,124.59
1194,48.961,125.058
1195,49.096,124.587
1196,49.074,124.889
1197,48.986,124.298
1198,49.046,124.781
1199,49.025,124.729
1200,49.085,124.666
1201,49.066,124.772
1202,49.046,124.722
1203,49.055,124.708
1204,48.799,128.212
1205,49.073,124.917
1206,49.189,125.035
1207,48.902,124.532
1208,49.158,124.202
1209,49.158,125.435
1210,49.068,124.792
1211,49.032,124.876
1212,49.023,124.847
1213,49.059,124.579
1214,48.998,124.618
1215,49.031,124.793
1216,49.048,124.67
1217,49.113,124.718
1218,48.978,124.816
1219,49.084,124.778
1220,49.051,124.814
1221,49.088,124.723
1222,49.046,124.764
1223,49.061,124.767
1224,49.056,124.735
1225,49.067,124.604
1226,49.057,124.754
1227,48.907,123.868
1228,49.078,124.78
1229,49.076,124.769
1230,49.069,124.757
1231,49.044,125.013
1232,49.069,124.741
1233,49.062,124.905
1234,49.244,124.612
1235,49.079,124.748
1236,49.065,124.712
1237,49.357,125.328
1238,49.052,124.752
1239,49.564,123.908
1240,49.092,124.733
1241,49.075,124.771
1242,48.844,124.934
1243,48.863,124.938
1244,49.056,124.774
1245,49.047,124.728
1246,49.012,124.866
1247,49.017,124.954
1248,48.995,124.87
1249,49.1,124.609
1250,49.064,124.756
1251,49.048,124.82
1252,49.053,124.822
1253,49.054,124.941
1254,49.027,124.789
1255,48.884,123.734
1256,49.029,124.432
1257,49.215,124.72
1258,48.866,124.596
1259,49.062,124.858
1260,49.044,124.79
1261,49.049,124.91
1262,48.966,124.811
1263,49.044,124.763
1264,49.138,124.908
1265,49.203,124.907
1266,49.073,124.676
1267,49.053,124.778
1268,49.054,124.793
1269,49.3,124.924
1270,49.151,124.663
1271,49.052,124.776
1272,48.871,123.588
1273,49.02,124.771
1274,49.084,124.768
1275,49.05,124.987
1276,49.073,124.79
1277,49.066,124.731
1278,49.218,124.76
1279,43.419,122.953
1280,43.46,123.099
1281,43.446,123.049
1282,43.442,123.065
1283,43.476,123.111
1284,43.473,123.109
1285,43.492,123.105
1286,43.454,123.162
1287,43.383,123.113
1288,43.437,123.181
1289,43.419,123.199
1290,43.3,123.816
1291,43.44,123.083
1292,43.282,123.306
1293,41.213,122.628
1294,40.75,121.985
1295,40.743,121.915
1296,40.861,122.245
1297,40.693,122.435
1298,40.813,122.211
1299,40.736,122.207
1300,40.7,122.222
1301,40.673,122.239
1302,35.674,119.946
1303,35.582,119.656
1304,35.633,119.657
1305,35.628,119.607
1306,35.621,119.601
1307,35.599,119.505
1308,35.736,119.496
1309,35.626,119.617
1310,35.612,119.597
1311,31.107,118.62
1312,31.127,118.71
1313,31.429,118.431
1314,31.181,117.649
1315,31.412,118.76
1316,29.175,115.978
1317,29.228,115.981
1318,29.137,116.009
1319,29.128,115.922
1320,29.123,115.974
1321,29.056,116.275
1322,29.081,115.951
1323,29.139,115.998
1324,29.135,115.999
1325,29.125,115.98
1326,29.098,116.006
1327,29.095,116.015
1328,29.256,115.17
1329,32.068,118.222
1330,32.101,118.409
1331,32.086,118.278
1332,32.161,118.405
1333,39.671,123.458
1334,39.798,123.467
1335,39.752,123.441
1336,39.811,123.211
1337,39.924,123.625
1338,39.902,123.319
1339,39.974,123.136
1340,40.399,122.065
1341,29.175,115.978
1342,29.155,115.971
1343,29.201,116.044
1344,29.115,115.894
1345,29.143,115.932
1346,29.144,115.946
1347,29.142,115.857
1348,29.146,115.972
1349,29.14,116.018
1350,29.01,115.516
1351,29.228,115.953
1352,29.118,116.113
1353,39.918,124.231
1354,43.615,125.552
1355,43.567,125.544
1356,43.623,125.667
1357,43.709,125.528
1358,43.626,125.664
1359,43.775,125.718
1360,43.598,125.551
1361,43.597,125.369
1362,43.592,125.448
1363,43.597,125.534
1364,43.616,125.545
1365,43.657,125.593
1366,43.607,125.637
1367,43.609,125.685
1368,43.644,125.49
1369,43.528,125.326
1370,43.61,125.549
1371,43.608,125.505
1372,43.664,125.63
1373,43.526,125.636
1374,43.668,125.818
1375,43.469,125.333
1376,43.611,125.574
1377,43.614,125.565
1378,43.61,125.552
1379,43.608,125.575
1380,44.226,124.774
1381,46.43,132.403
1382,46.657,132.676
1383,46.644,132.505
1384,46.642,132.53
1385,46.516,132.526
1386,46.549,132.441
1387,46.686,132.443
1388,46.679,132.692
1389,46.532,132.409
1390,46.591,132.44
1391,46.41,132.291
1392,46.622,132.468
1393,46.62,132.473
1394,46.625,132.486
1395,46.727,132.755
1396,46.658,132.474
1397,46.771,132.096
1398,46.617,132.363
1399,46.599,132.49
1400,52.268,134.881
1401,50.332,137.497
1402,50.404,137.438
1403,50.226,136.402
1404,50.233,137.149
1405,50.329,137.272
1406,50.329,137.236
1407,50.151,136.309
1408,50.396,137.187
1409,65.151,150.643
1410,65.177,150.766
1411,65.172,150.552
1412,65.15,150.569
1413,65.15,150.335
1414,65.148,150.58
1415,65.144,150.578
1416,65.154,150.521
1417,65.384,149.649
1418,65.165,150.499
1419,65.198,150.487
1420,65.133,150.644
1421,65.151,150.549
1422,65.12,150.67
1423,65.155,150.574
1424,65.156,150.568
1425,65.161,150.534
1426,65.157,150.543
1427,65.171,150.596
1428,65.158,150.531
1429,65.166,150.534
1430,65.15,150.52
1431,65.162,150.526
1432,65.194,150.561
1433,65.112,150.581
1434,65.154,150.528
1435,65.159,150.535
1436,65.156,150.551
1437,65.115,150.462
1438,65.192,150.411
1439,65.161,150.562
1440,65.158,150.557
1441,65.156,150.554
1442,65.161,150.557
1443,65.168,150.646
1444,65.155,150.352
1445,65.147,150.55
1446,65.152,150.537
1447,65.162,150.552
1448,65.225,150.967
1449,65.054,150.52
1450,65.125,150.617
1451,65.144,150.57
1452,65.155,150.538
1453,65.152,150.499
1454,65.166,150.504
1455,65.18,150.558
1456,65.14,150.636
1457,65.118,150.606
1458,65.128,150.602
1459,65.136,150.552
1460,65.197,150.526
1461,65.152,150.598
1462,65.176,150.581
1463,65.334,150.422
1464,65.166,150.572
1465,65.169,150.617
1466,65.147,150.532
1467,65.154,150.541
1468,65.137,150.527
1469,65.165,150.586
1470,65.179,150.55
1471,65.172,150.631
1472,65.354,150.626
1473,65.162,150.549
1474,65.194,150.613
1475,65.161,150.513
1476,65.166,150.589
1477,65.19,150.512
1478,65.048,150.068
1479,65.164,150.378
1480,65.166,150.582
1481,65.122,150.623
1482,65.146,150.472
1483,65.159,150.682
1484,65.16,150.57
1485,65.164,150.549
1486,65.146,150.564
1487,65.167,150.559
1488,65.135,150.634
1489,65.143,150.54
1490,65.107,150.754
1491,65.164,150.606
1492,65.169,150.542
1493,65.151,150.548
1494,65.164,150.538
1495,65.16,150.627
1496,65.155,150.548
1497,65.069,150.674
1498,65.182,150.576
1499,65.091,151.135
1500,65.158,150.557
1501,65.386,150.02
1502,65.134,150.407
1503,65.139,150.593
1504,65.163,150.518
1505,65.157,150.524
1506,65.156,150.557
1507,65.161,150.537
1508,65.15,150.534
1509,65.212,150.205
1510,65.13,150.605
1511,65.171,150.548
1512,65.139,150.474
1513,65.156,150.545
1514,65.16,150.624
1515,65.083,150.9
1516,65.16,150.55
1517,65.162,150.588
1518,65.15,150.548
1519,65.166,150.524
1520,65.16,150.535
1521,65.158,150.55
1522,65.163,150.558
1523,65.121,150.597
1524,65.156,150.543
1525,65.161,150.548
1526,65.163,150.542
1527,65.167,150.548
1528,65.161,150.544
1529,65.167,150.498
1530,65.157,150.567
1531,65.159,150.546
1532,65.164,150.545
1533,65.181,150.524
1534,65.162,150.548
1535,65.164,150.535
1536,65.166,150.541
1537,65.156,150.518
1538,65.181,150.524
1539,65.156,150.617
1540,65.156,150.588
1541,65.164,150.549
1542,65.164,150.554
1543,65.16,150.548
1544,65.162,150.545
1545,65.139,150.624
1546,65.162,150.544
1547,65.156,150.544
1548,65.177,150.571
1549,65.14,150.492
1550,65.21,151.257
1551,65.157,150.542
1552,65.166,150.598
1553,64.952,151.485
1554,65.153,150.519
1555,65.161,150.55
1556,65.163,150.48
1557,65.159,150.544
1558,65.163,150.555
1559,65.175,150.555
1560,65.16,150.544
1561,64.923,150.244
1562,65.202,150.753
1563,65.117,150.506
1564,65.212,150.423
1565,65.173,150.603
1566,65.166,150.55
1567,65.158,150.54
1568,65.166,150.616
1569,65.161,150.55
1570,65.159,150.556
1571,65.156,150.535
1572,65.19,150.465
1573,65.165,150.551
1574,65.144,150.603
1575,65.164,150.532
1576,65.162,150.552
1577,65.165,150.536
1578,65.16,150.552
1579,65.129,150.485
1580,65.173,150.42
1581,65.156,150.531
1582,65.165,150.588
1583,65.163,150.532
1584,65.16,150.535
1585,65.16,150.551
1586,65.16,150.545
1587,65.161,150.556
1588,65.168,150.548
1589,65.167,150.535
1590,65.142,150.45
1591,65.195,150.454
1592,65.146,150.549
1593,65.186,150.462
1594,65.149,150.947
1595,65.194,150.469
1596,65.158,150.552
1597,65.156,150.548
1598,65.154,150.528
1599,65.163,150.547
1600,65.16,150.537
1601,65.115,150.784
1602,65.16,150.542
1603,65.095,150.663
1604,65.154,150.547
1605,65.151,150.609
1606,65.184,150.46
1607,65.19,150.57
1608,65.336,150.448
1609,65.24,150.452
1610,65.135,150.492
1611,65.1,150.569
1612,65.169,150.675
1613,65.216,150.598
1614,65.266,150.751
1615,65.109,150.539
1616,65.157,150.491
1617,65.186,150.491
1618,65.161,150.482
1619,65.174,150.664
1620,65.167,150.674
1621,65.146,150.532
1622,65.124,150.555
1623,65.124,150.6
1624,65.125,150.591
1625,65.132,150.561
1626,65.21,151.4
1627,65.122,150.58
1628,65.125,150.591
1629,65.384,150.097
1630,65.134,150.561
1631,65.143,150.247
1632,65.158,150.515
1633,65.13,150.59
1634,65.064,150.273
1635,65.123,150.586
1636,65.122,150.573
1637,65.131,150.64
1638,65.123,150.571
1639,65.124,150.594
1640,65.127,150.556
1641,65.133,150.544
1642,65.14,150.605
1643,65.132,150.609
1644,65.102,150.661
1645,65.134,150.6
1646,65.144,150.569
1647,65.132,150.6
1648,65.134,150.57
1649,65.156,150.67
1650,65.134,150.577
1651,65.122,150.605
1652,65.122,150.578
1653,65.105,150.535
1654,65.143,150.497
1655,65.12,150.61
1656,65.107,150.596
1657,65.148,150.572
1658,65.144,150.726
1659,64.834,150.94
1660,65.105,150.582
1661,65.13,150.694
1662,65.14,150.372
1663,65.459,150.21
1664,65.106,150.505
1665,65.126,150.606
1666,65.215,150.579
1667,65.122,150.564
1668,65.111,150.568
1669,65.129,150.594
1670,65.125,150.583
1671,65.127,150.618
1672,65.139,150.626
1673,65.132,150.608
1674,65.184,149.948
1675,65.132,150.62
1676,65.13,150.596
1677,65.133,150.634
1678,65.286,149.716
1679,65.416,148.932
1680,65.119,150.582
1681,65.103,150.572
1682,65.121,150.609
1683,65.137,150.495
1684,65.107,150.605
1685,65.114,150.58
1686,65.114,150.567
1687,65.128,150.57
1688,65.13,150.536
1689,65.12,150.576
1690,65.131,150.579
1691,65.145,150.573
1692,65.039,150.722
1693,65.06,150.531
1694,65.252,151.01
1695,65.094,150.581
1696,65.082,150.57
1697,65.122,150.63
1698,65.12,150.569
1699,65.123,150.574
1700,65.142,150.667
1701,65.128,150.58
1702,65.124,150.587
1703,65.218,150.828
1704,65.119,150.613
1705,65.113,150.594
1706,65.114,150.581
1707,65.126,150.589
1708,65.122,150.578
1709,65.1,150.582
1710,65.117,150.567
1711,65.113,150.557
1712,65.113,150.568
1713,65.114,150.55
1714,65.116,150.565
1715,65.108,150.546
1716,65.051,150.478
1717,65.112,150.555
1718,65.145,150.494
1719,65.163,150.344
1720,65.043,150.637
1721,65.141,150.488
1722,65.118,150.571
1723,65.12,150.604
1724,65.04,150.905
1725,65.154,150.473
1726,65.13,150.522
1727,65.109,150.583
1728,65.025,150.641
1729,65.11,150.555
1730,65.098,150.587
1731,65.093,150.607
1732,65.129,150.613
1733,65.141,150.667
1734,65.113,150.551
1735,65.106,150.627
1736,65.108,150.625
1737,65.104,150.564
1738,65.124,150.608
1739,65.143,150.565
1740,65.122,150.603
1741,65.127,150.551
1742,65.126,150.6
1743,65.134,150.594
1744,65.124,150.608
1745,65.112,150.606
1746,65.131,150.586
1747,65.123,150.573
1748,65.124,150.555
1749,65.111,150.553
1750,65.122,150.589
1751,65.127,150.579
1752,65.127,150.576
1753,65.122,150.601
1754,65.113,150.595
1755,65.115,150.465
1756,65.122,150.6
1757,65.128,150.607
1758,65.194,150.799
1759,65.118,150.601
1760,65.127,150.593
1761,65.124,150.567
1762,65.125,150.604
1763,65.135,150.601
1764,65.127,150.59
1765,65.125,150.58
1766,65.127,150.642
1767,65.133,150.552
1768,65.125,150.596
1769,65.114,150.707
1770,65.075,150.807
1771,65.132,150.572
1772,65.15,150.611
1773,65.142,150.558
1774,65.156,150.657
1775,65.179,150.685
1776,65.124,150.576
1777,65.098,150.701
1778,65.133,150.666
1779,65.016,150.749
1780,65.117,150.615
1781,65.132,150.496
1782,65.123,150.628
1783,65.126,150.586
1784,65.124,150.576
1785,65.348,150.314
1786,65.132,150.578
1787,65.127,150.599
1788,65.138,150.58
1789,65.132,150.604
1790,65.123,150.582
1791,65.129,150.601
1792,65.126,150.597
1793,65.187,150.56
1794,64.867,152.814
1795,65.131,150.603
1796,65.049,150.301
1797,65.206,150.556
1798,65.122,150.59
1799,65.257,150.412
1800,65.142,150.583
1801,65.114,150.657
1802,65.132,150.687
1803,65.126,150.575
1804,65.108,150.58
1805,65.086,150.667
1806,65.101,150.651
1807,65.138,150.708
1808,65.124,150.577
1809,65.134,150.586
1810,65.129,150.56
1811,65.134,150.681
1812,65.118,150.553
1813,65.13,150.61
1814,64.875,150.29
1815,65.22,150.963
1816,65.11,150.48
1817,65.13,150.588
1818,65.115,150.603
1819,65.132,150.602
1820,65.131,150.624
1821,65.092,150.432
1822,65.124,150.577
1823,65.141,150.616
1824,65.13,150.591
1825,65.115,150.618
1826,65.254,150.58
1827,65.084,150.658
1828,65.123,150.579
1829,65.132,150.604
1830,65.124,150.586
1831,65.142,150.602
1832,65.118,150.592
1833,65.143,150.606
1834,65.136,150.726
1835,65.109,150.669
1836,65.154,150.588
1837,65.153,150.554
1838,65.199,150.259
1839,65.149,150.612
1840,65.153,150.546
1841,65.14,150.634
1842,65.107,150.609
1843,65.128,150.603
1844,65.124,150.614
1845,65.127,150.562
1846,65.182,150.791
1847,65.13,150.567
1848,65.132,150.581
1849,65.024,149.991
1850,65.13,150.6
1851,65.13,150.591
1852,65.172,150.62
1853,65.113,150.62
1854,65.148,150.479
1855,65.12,150.55
1856,65.124,150.608
1857,65.13,150.592
1858,65.128,150.599
1859,65.127,150.552
1860,65.123,150.551
1861,65.098,150.6
1862,65.079,150.614
1863,65.128,150.582
1864,65.127,150.638
1865,65.127,150.571
1866,65.145,150.562
1867,65.131,150.603
1868,65.155,150.509
1869,65.112,150.812
1870,65.166,150.52
1871,65.125,150.594
1872,65.13,150.588
1873,65.129,150.598
1874,65.134,150.585
1875,65.133,150.591
1876,65.128,150.593
1877,65.129,150.61
1878,65.126,150.607
1879,65.124,150.566
1880,65.105,150.503
1881,65.162,150.73
1882,65.121,150.561
1883,65.134,150.537
1884,65.177,150.811
1885,65.112,150.624
1886,65.131,150.602
1887,65.121,150.639
1888,65.138,150.58
1889,65.121,150.64
1890,65.117,150.587
1891,65.122,150.627
1892,65.12,150.629
1893,65.122,150.629
1894,65.12,150.575
1895,65.112,150.609
1896,65.133,150.578
1897,65.109,150.574
1898,65.147,150.608
1899,65.133,150.598
1900,65.122,150.593
1901,65.128,150.59
1902,65.128,150.578
1903,65.121,150.551
1904,65.128,150.586
1905,65.358,150.144
1906,65.149,150.555
1907,65.115,150.554
1908,65.176,150.605
1909,65.1,150.715
1910,65.126,150.548
1911,65.118,150.541
1912,65.116,150.584
1913,65.121,150.579
1914,65.128,150.608
1915,65.115,150.563
1916,65.11,150.604
1917,65.122,150.565
1918,65.128,150.552
1919,65.142,150.601
1920,65.133,150.643
1921,65.128,150.242
1922,65.13,150.598
1923,65.127,150.594
1924,65.126,150.556
1925,65.112,150.533
1926,65.148,150.732
1927,65.148,150.563
1928,65.149,150.619
1929,65.128,150.398
1930,65.126,150.578
1931,65.132,150.563
1932,65.121,150.587
1933,65.058,150.606
1934,65.119,150.614
1935,65.125,150.619
1936,65.13,150.628
1937,65.123,150.55
1938,65.133,150.564
1939,65.123,150.522
1940,64.962,150.627
1941,65.131,150.688
1942,65.028,150.616
1943,65.134,150.614
1944,65.141,150.556
1945,65.118,150.595
1946,65.14,150.602
1947,65.131,150.55
1948,65.127,150.56
1949,65.142,150.524
1950,65.073,150.468
1951,65.091,150.552
1952,65.125,150.631
1953,65.148,150.562
1954,65.125,150.61
1955,65.129,150.597
1956,65.136,150.582
1957,65.126,150.58
1958,65.119,150.609
1959,65.129,150.592
1960,65.128,150.59
1961,65.127,150.598
1962,65.127,150.584
1963,65.37,149.984
1964,65.125,150.6
1965,65.126,150.577
1966,65.124,150.584
1967,65.125,150.58
1968,65.102,150.531
1969,65.124,150.594
1970,65.131,150.588
1971,65.128,150.589
1972,65.129,150.586
1973,65.127,150.627
1974,65.105,150.591
1975,65.271,151.434
1976,65.165,150.928
1977,65.14,150.606
1978,65.12,150.633
1979,65.128,150.663
1980,65.122,150.55
1981,65.135,150.599
1982,65.175,151.252
1983,65.143,150.614
1984,65.161,150.617
1985,65.556,153.337
1986,65.123,150.665
1987,65.15,150.609
1988,65.149,150.577
1989,65.121,150.552
1990,65.123,150.537
1991,65.14,150.541
1992,65.123,150.371
1993,65.23,150.641
1994,65.139,150.576
1995,65.141,150.569
1996,65.14,150.593
1997,65.126,150.659
1998,65.191,150.33
1999,65.15,150.479
2000,65.139,150.52
2001,65.139,150.492
2002,65.127,150.589
2003,65.123,150.578
2004,65.119,150.59
2005,65.125,150.625
2006,65.113,150.611
2007,65.101,150.603
2008,65.112,150.646
2009,65.139,150.572
2010,65.153,150.602
2011,65.126,150.611
2012,65.126,150.569
2013,65.117,150.61
2014,65.16,150.427
2015,65.166,150.723
2016,65.128,150.71
2017,65.083,150.679
2018,65.143,150.661
2019,65.112,150.633
2020,65.095,150.519
2021,65.114,150.481
2022,65.121,150.593
2023,65.126,150.576
2024,65.129,150.585
2025,65.132,150.863
2026,64.972,150.684
2027,65.147,150.584
2028,65.123,150.567
2029,65.03,149.04
2030,65.127,150.615
2031,65.107,150.529
2032,65.131,150.587
2033,65.126,150.604
2034,65.148,150.464
2035,65.121,150.568
2036,65.126,150.576
2037,65.128,150.586
2038,65.115,150.562
2039,65.123,150.626
2040,65.126,150.582
2041,65.166,150.468
2042,65.143,150.563
2043,65.125,150.505
2044,65.153,150.676
2045,65.127,150.561
2046,65.121,150.642
2047,65.145,150.579
2048,65.14,150.624
2049,65.135,150.559
2050,65.132,150.579
2051,65.155,150.567
2052,65.113,150.696
2053,65.142,150.558
2054,65.204,150.404
2055,65.162,150.502
2056,65.129,150.609
2057,65.167,150.37
2058,65.123,150.668
2059,65.145,150.582
2060,65.148,150.578
2061,65.15,150.643
2062,65.12,150.535
2063,65.146,150.556
2064,65.142,150.573
2065,65.134,150.568
2066,65.136,150.562
2067,65.137,150.581
2068,65.135,150.561
2069,65.146,150.588
2070,65.133,150.602
2071,65.117,150.578
2072,65.1,150.629
2073,65.176,150.576
2074,65.12,150.515
2075,65.085,150.45
2076,65.114,150.556
2077,65.138,150.534
2078,51.643,143.252
2079,51.645,143.217
2080,51.645,143.244
2081,51.633,143.254
2082,51.654,143.278
2083,51.642,143.248
2084,51.645,143.227
2085,51.651,143.241
2086,51.648,143.271
2087,51.648,143.25
2088,51.617,143.224
2089,51.75,143.132
2090,51.612,143.182
2091,51.59,143.155
2092,51.606,143.2
2093,51.461,143.153
2094,51.618,143.225
2095,51.492,143.2
2096,51.511,143.225
2097,51.47,143.264
2098,51.466,143.268
2099,51.485,143.236
2100,51.494,143.155
2101,51.492,143.225
2102,51.509,143.268
2103,51.545,143.247
2104,51.705,143.023
2105,51.7,143.036
2106,51.512,143.235
2107,51.518,143.263
2108,51.513,143.249
2109,51.502,143.226
2110,51.457,143.199
2111,51.489,143.239
2112,51.503,143.231
2113,51.497,143.223
2114,51.506,143.283
2115,51.498,143.219
2116,51.494,143.212
2117,51.479,143.231
2118,51.504,143.229
2119,51.494,143.244
2120,51.509,143.236
2121,52.96,141.139
2122,52.962,141.124
2123,52.967,141.143
2124,52.964,141.132
2125,52.964,141.133
2126,52.867,141.392
2127,52.968,141.14
2128,52.95,141.133
2129,52.711,141.569
2130,52.965,141.129
2131,52.933,141.217
2132,52.954,141.174
2133,52.956,141.199
2134,52.941,141.138
2135,52.963,141.123
2136,52.946,141.057
2137,53.182,141.441
2138,53.064,141.293
2139,52.998,141.109
2140,52.943,140.678
2141,52.794,140.614
2142,52.525,141.538
2143,52.972,141.029
2144,52.917,141.396
2145,52.962,141.102
2146,52.722,141.549
2147,52.889,141.068
2148,52.957,141.15
2149,53.713,143.806
2150,53.051,140.862
2151,52.929,141.148
2152,52.902,141.122
2153,52.943,141.13
2154,52.952,141.135
2155,52.962,141.151
2156,52.954,141.128
2157,52.952,141.159
2158,52.926,141.113
2159,52.97,141.215
2160,52.948,141.15
2161,52.866,140.981
2162,52.95,141.151
2163,52.857,141.187
2164,52.957,141.15
2165,52.969,141.137
2166,52.95,141.159
2167,52.952,141.18
2168,52.972,141.075
2169,52.963,141.219
2170,52.952,141.179
2171,52.973,141.166
2172,52.967,141.359
2173,52.699,141.475
2174,52.964,141.157
2175,52.951,141.157
2176,52.955,141.127
2177,53.396,140.625
2178,53.568,140.633
2179,53.004,141.083
2180,52.921,141.15
2181,52.966,141.177
2182,52.941,141.114
2183,53.077,141.371
2184,52.916,140.81
2185,52.962,141.165
2186,52.962,141.163
2187,53.002,140.995
2188,52.953,141.172
2189,52.964,141.185
2190,53.04,141.305
2191,52.928,141.235
2192,52.802,141.13
2193,52.925,141.187
2194,53.012,141.292
2195,53.079,141.888
2196,42.562,130.614
2197,42.498,130.51
2198,42.607,130.511
2199,42.647,130.277
2200,42.625,130.561
2201,42.67,130.581
2202,42.939,131.263
2203,42.598,130.467
2204,42.612,130.53
2205,42.661,130.606
2206,42.657,130.788
2207,42.617,130.551
2208,42.53,130.491
2209,42.475,131.121
2210,42.609,130.473
2211,42.553,130.788
2212,42.611,130.539
2213,42.543,130.323
2214,42.551,130.706
2215,42.636,130.511
2216,42.603,130.529
2217,42.657,130.434
2218,42.611,130.499
2219,42.598,130.536
2220,42.635,130.53
2221,42.585,130.545
2222,42.606,130.581
2223,42.623,130.486
2224,42.393,130.59
2225,42.615,130.455
2226,42.521,130.883
2227,42.452,130.829
2228,42.68,130.22
2229,42.71,130.923
2230,42.581,130.545
2231,42.592,130.554
2232,42.668,130.359
2233,42.502,130.529
2234,42.564,130.723
2235,42.568,130.679
2236,42.564,130.691
2237,42.572,130.207
2238,42.599,130.412
2239,42.628,130.368
2240,42.646,130.597
2241,40.478,129.048
2242,39.064,127.75
2243,39.008,127.935
2244,39.624,129.411
2245,39.728,128.933
2246,39.085,127.694
2247,39.19,127.306
2248,39.138,127.488
2249,39.165,127.369
2250,39.081,127.777
2251,29.175,115.978
2252,29.186,115.991
2253,29.131,115.989
2254,29.175,115.978
2255,29.181,116.05
2256,29.269,115.852
2257,31.277,118.935
2258,31.288,118.925
2259,31.239,118.909
2260,31.276,118.936
2261,31.305,118.975
2262,31.295,118.913
2263,31.285,118.945
2264,31.114,119.036
2265,38.125,125.144
2266,41.149,119.619
2267,43.796,131.765
2268,43.609,131.908
2269,43.564,131.86
2270,43.641,131.89
2271,43.451,132.5
2272,43.611,131.845
2273,43.538,132.238
2274,43.405,132.824
2275,43.278,135.951
2276,43.622,131.919
2277,43.649,131.945
2278,44.139,133.566
2279,43.611,133.21
2280,42.947,131
2281,44.527,132.869
2282,46.449,133.968
2283,46.459,133.822
2284,46.439,133.671
2285,46.387,133.904
2286,45.99,134.582
2287,46.795,133.653
2288,46.497,133.814
2289,46.411,133.656
2290,46.441,133.8
2291,46.731,134.178
2292,46.459,133.808
2293,46.46,133.833
2294,46.54,133.94
2295,46.446,133.873
2296,46.52,133.995
2297,46.705,134.216
2298,46.457,133.989
2299,46.608,135.21
2300,46.053,137.833
2301,46.268,133.846
2302,46.451,133.861
2303,46.453,133.858
2304,46.259,133.654
2305,46.449,133.793
2306,46.437,133.879
2307,46.417,133.848
2308,46.452,133.85
2309,46.475,133.715
2310,46.44,133.835
2311,46.421,133.564
2312,46.431,133.919
2313,46.448,133.327
2314,46.468,133.843
2315,46.397,134.035
2316,46.434,133.873
2317,46.466,133.987
2318,46.414,133.78
2319,46.456,133.835
2320,46.437,133.822
2321,46.451,133.851
2322,46.458,133.842
2323,46.165,133.318
2324,46.443,133.836
2325,46.45,133.84
2326,46.456,133.895
2327,46.485,133.648
2328,46.433,133.843
2329,46.435,133.904
2330,46.443,133.842
2331,46.463,133.908
2332,46.462,133.844
2333,46.47,133.864
2334,46.455,133.906
2335,46.449,133.888
2336,46.556,133.765
2337,46.538,133.715
2338,46.484,134.036
2339,46.46,133.954
2340,46.445,133.842
2341,46.469,133.853
2342,46.47,133.863
2343,46.477,133.845
2344,46.486,133.854
2345,46.569,133.849
2346,38.716,125.226
2347,38.702,125.23
2348,38.749,125.306
2349,38.675,125.825
2350,36.72,126.436
2351,47.965,130.525
2352,47.081,134.03
2353,47.064,134.053
2354,47.318,134.04
2355,46.964,133.382
2356,47.145,133.545
2357,46.937,132.807
2358,47.716,134.011
2359,48.217,134.788
2360,47.223,134.173
2361,47.254,134.182
2362,47.241,134.212
2363,47.203,134.116
2364,46.635,133.765
2365,46.431,133.959
2366,46.588,134.318
2367,46.456,133.834
2368,46.461,133.89
2369,46.288,133.266
2370,46.458,133.851
2371,46.463,133.876
2372,46.459,133.842
2373,46.463,133.841
2374,46.456,133.842
2375,46.289,133.858
2376,46.471,133.849
2377,46.463,133.871
2378,46.273,134.616
2379,46.425,133.841
2380,46.442,133.84
2381,46.423,133.91
2382,46.522,133.623
2383,46.452,133.85
2384,46.462,133.891
2385,46.452,133.835
2386,46.451,133.841
2387,46.459,133.921
2388,46.466,133.767
2389,46.445,133.93
2390,46.46,133.831
2391,46.394,133.842
2392,46.459,133.846
2393,46.445,133.841
2394,46.467,133.791
2395,46.452,133.85
2396,46.459,133.894
2397,46.463,133.811
2398,46.46,133.803
2399,46.463,133.86
2400,46.45,133.886
2401,46.397,133.596
2402,46.379,133.429
2403,46.446,133.839
2404,46.449,133.883
2405,46.463,133.858
2406,46.457,133.852
2407,46.496,133.975
2408,46.457,133.866
2409,46.515,134.008
2410,46.48,133.879
2411,46.47,133.746
2412,46.453,133.833
2413,46.421,133.867
2414,46.463,133.801
2415,46.385,133.916
2416,46.441,133.841
2417,46.456,133.815
2418,46.449,133.843
2419,46.452,133.845
2420,46.457,133.866
2421,46.451,133.839
2422,46.453,133.841
2423,46.456,133.855
2424,46.46,133.842
2425,46.457,133.845
2426,46.5,133.655
2427,46.456,133.913
2428,46.456,133.842
2429,46.378,133.571
2430,46.446,133.831
2431,46.446,133.838
2432,46.456,133.772
2433,46.45,133.847
2434,46.444,133.788
2435,46.432,133.812
2436,46.551,133.856
2437,46.448,133.847
2438,46.747,134.036
2439,46.566,132.926
2440,46.464,133.869
2441,46.426,133.843
2442,46.459,133.839
2443,46.354,133.935
2444,46.464,133.833
2445,46.229,133.736
2446,46.454,133.86
2447,46.455,133.839
2448,46.444,133.926
2449,46.467,133.829
2450,46.447,133.83
2451,46.453,133.848
2452,46.438,133.813
2453,46.491,133.5
2454,46.467,133.797
2455,46.636,134.231
2456,46.439,133.829
2457,46.702,133.635
2458,46.536,134.429
2459,46.443,133.874
2460,46.45,133.851
2461,46.432,133.773
2462,46.483,133.985
2463,46.434,133.841
2464,46.43,134.577
2465,46.445,133.83
2466,46.478,133.872
2467,46.458,133.848
2468,46.451,133.814
2469,46.443,133.836
2470,46.438,133.821
2471,46.449,133.869
2472,46.463,133.846
2473,46.462,133.841
2474,46.449,133.866
2475,46.323,134.533
2476,46.451,133.849
2477,46.464,133.672
2478,46.445,133.763
2479,46.46,133.844
2480,46.465,133.824
2481,46.477,133.727
2482,46.463,133.738
2483,46.449,133.833
2484,46.453,133.837
2485,46.455,133.839
2486,46.453,133.862
2487,46.441,133.807
2488,46.4,133.915
2489,46.442,133.837
2490,46.419,133.905
2491,46.441,133.855
2492,46.45,133.865
2493,46.456,133.845
2494,29.175,115.978
2495,29.138,115.99
2496,29.145,115.938
2497,29.175,115.978
2498,29.172,115.969
2499,29.185,115.956
2500,29.192,115.982
2501,29.187,115.99
2502,29.178,115.961
2503,29.178,115.966
2504,29.181,115.997
2505,28.978,114.755
2506,43.788,128.816
2507,43.79,128.864
2508,43.734,128.681
2509,43.781,128.806
2510,43.469,128.632
2511,48.553,131.451
2512,48.214,133.526
2513,48.171,133.49
2514,48.192,133.543
2515,48.198,133.423
2516,48.192,133.467
2517,48.116,133.286
2518,48.15,133.535
2519,48.139,133.538
2520,48.127,133.529
2521,48.093,134.081
2522,48.164,133.557
2523,48.107,133.019
2524,48.236,133.231
2525,48.126,133.534
2526,48.157,133.578
2527,48.151,133.492
2528,48.112,133.562
2529,48.118,133.495
2530,48.082,133.149
2531,47.983,134.052
2532,48.135,133.614
2533,48.549,132.955
2534,48.13,133.668
2535,48.163,133.624
2536,48.401,132.716
2537,48.124,133.674
2538,48.291,131.998
2539,48.122,133.628
2540,48.085,133.68
2541,48.11,133.643
2542,48.163,133.681
2543,48.145,133.527
2544,48.52,133.274
2545,48.156,133.572
2546,48.024,133.124
2547,48.076,133.584
2548,48.146,133.693
2549,48.144,133.687
2550,48.154,133.767
2551,48.118,133.692
2552,48.068,133.673
2553,48.082,133.747
2554,48.113,133.673
2555,46.709,132.18
2556,46.771,132.52
2557,46.629,132.144
2558,46.574,132.111
2559,46.768,132.161
2560,46.715,132.159
2561,46.737,132.27
2562,46.663,132.13
2563,46.61,132.314
2564,46.708,132.151
2565,46.702,132.177
2566,46.702,132.152
2567,46.794,132.044
2568,46.749,132.097
2569,46.73,132.108
2570,46.713,132.179
2571,46.715,132.172
2572,46.646,132.119
2573,46.727,132.206
2574,46.688,132.12
2575,46.683,132.184
2576,46.58,131.842
2577,46.82,132.115
2578,46.709,132.177
2579,46.659,132.141
2580,46.746,132.124
2581,46.652,132.172
2582,46.669,132.341
2583,46.672,132.016
2584,46.797,132.307
2585,46.458,131.922
2586,46.72,132.161
2587,46.606,132.3
2588,46.61,132.144
2589,46.74,132.127
2590,46.717,132.183
2591,46.927,131.605
2592,46.71,132.132
2593,46.711,132.168
2594,46.62,132.148
2595,46.778,132.798
2596,46.669,131.893
2597,46.787,132.488
2598,46.584,131.664
2599,46.768,132.237
2600,46.863,131.554
2601,46.741,132.12
2602,46.721,132.169
2603,46.501,132.026
2604,46.544,130.83
2605,46.87,131.988
2606,46.848,132.154
2607,46.717,132.171
2608,46.74,132.143
2609,46.674,132.179
2610,46.747,132.095
2611,46.718,132.134
2612,47.04,133.079
2613,46.685,132.116
2614,46.681,132.111
2615,46.707,132.179
2616,46.715,132.189
2617,46.657,132.348
2618,45.378,132.903
2619,45.272,132.795
2620,45.25,132.768
2621,45.269,132.77
2622,45.405,132.752
2623,45.369,132.785
2624,45.486,132.772
2625,45.626,133.467
2626,45.5,133.154
2627,45.404,133.11
2628,45.818,131.748
2629,45.509,133.124
2630,45.5,133.152
2631,45.518,133.112
2632,45.481,133.311
2633,45.496,133.169
2634,45.484,133.184
2635,45.469,133.073
2636,45.485,133.153
2637,45.551,133.294
2638,45.509,133.056
2639,45.505,133.056
2640,45.514,133.046
2641,45.512,133.143
2642,45.492,133.151
2643,45.467,132.826
2644,45.552,133.234
2645,45.511,133.243
2646,45.505,133.096
2647,45.502,133.08
2648,45.484,133.106
2649,45.508,133.001
2650,45.489,133.167
2651,45.29,133.15
2652,45.505,133.115
2653,45.599,133.231
2654,45.536,133.093
2655,45.547,133.087
2656,45.523,133.194
2657,45.492,133.157
2658,45.485,133.203
2659,45.493,133.069
2660,45.451,133.055
2661,45.488,133.142
2662,45.458,133.368
2663,45.501,133.228
2664,45.498,133.199
2665,45.555,133.037
2666,45.458,132.995
2667,45.325,132.983
2668,45.323,132.959
2669,45.306,133.058
2670,45.308,132.993
2671,45.321,132.946
2672,45.326,133.03
2673,45.354,132.777
2674,45.306,132.973
2675,45.316,132.985
2676,45.317,132.991
2677,45.242,132.828
2678,45.301,132.928
2679,45.349,132.57
2680,45.362,132.968
2681,45.324,132.981
2682,45.284,132.818
2683,45.328,133.02
2684,45.324,132.986
2685,45.327,133.012
2686,45.34,132.989
2687,45.32,133.003
2688,45.4,132.89
2689,45.128,133.402
2690,45.284,132.877
2691,45.293,133.066
2692,45.279,132.995
2693,45.234,132.84
2694,45.177,131.445
2695,45.315,133.03
2696,45.32,133.009
2697,45.336,132.991
2698,45.323,132.977
2699,45.349,132.963
2700,45.32,132.991
2701,45.334,132.974
2702,45.316,133.012
2703,45.305,133.214
2704,45.313,133
2705,45.576,132.97
2706,45.286,132.809
2707,45.144,133.088
2708,45.284,132.354
2709,45.318,132.932
2710,45.324,132.989
2711,45.325,132.986
2712,45.325,132.991
2713,45.32,132.968
2714,45.249,133.168
2715,45.323,132.992
2716,45.333,133.188
2717,45.067,133.258
2718,45.318,133.014
2719,45.285,132.765
2720,45.301,133.034
2721,45.324,132.997
2722,45.324,132.991
2723,45.245,133.437
2724,45.317,133.022
2725,45.322,132.988
2726,45.317,133.015
2727,45.306,132.94
2728,45.307,132.924
2729,45.316,132.979
2730,45.32,132.969
2731,45.318,132.969
2732,45.328,132.734
2733,45.32,131.846
2734,44.476,130.265
2735,45.595,132.664
2736,45.623,132.67
2737,45.612,132.703
2738,45.593,132.641
2739,45.623,132.678
2740,45.558,132.831
2741,45.577,132.669
2742,45.565,132.759
2743,45.623,132.72
2744,45.614,132.576
2745,45.608,132.668
2746,45.56,132.662
2747,45.604,132.673
2748,45.602,132.672
2749,45.609,132.669
2750,45.641,132.64
2751,45.605,132.641
2752,45.576,132.694
2753,45.678,132.73
2754,45.603,132.663
2755,45.597,132.717
2756,45.374,133.144
2757,45.623,132.737
2758,45.94,132.81
2759,45.604,132.676
2760,45.622,132.686
2761,45.611,132.689
2762,45.615,132.659
2763,45.596,132.664
2764,45.563,132.738
2765,45.695,132.595
2766,45.31,132.976
2767,45.368,133.213
2768,45.426,132.965
2769,45.32,133.006
2770,45.271,133.035
2771,45.324,133.148
2772,45.291,133.022
2773,45.323,132.988
2774,45.318,133
2775,45.379,133.055
2776,45.343,132.988
2777,45.322,132.99
2778,45.58,133.975
2779,45.38,132.779
2780,29.175,115.978
2781,29.155,115.998
2782,29.167,115.99
2783,29.123,115.965
2784,29.123,115.973
2785,29.111,115.911
2786,27.742,114.918
2787,29.248,115.959
2788,29.093,115.976
2789,29.218,116.486
2790,29.187,115.932
2791,29.184,115.94
2792,29.113,115.95
2793,29.152,115.888
2794,29.134,115.911
2795,29.178,115.948
2796,29.153,115.976
2797,30.636,117.719
2798,30.342,116.977
2799,31.373,118.812
2800,31.319,118.884
2801,31.286,118.86
2802,31.286,118.894
2803,31.305,118.916
2804,31.356,118.896
2805,31.244,118.899
2806,31.276,118.984
2807,31.353,119.233
2808,31.296,118.936
2809,31.278,118.921
2810,31.26,118.896
2811,31.334,119.031
2812,31.255,118.902
2813,31.262,118.918
2814,31.265,118.903
2815,31.209,118.78
2816,31.323,118.989
2817,31.3,118.929
2818,31.242,118.969
2819,31.3,118.914
2820,31.282,118.941
2821,31.672,118.02
2822,31.307,118.976
2823,31.299,118.934
2824,31.404,118.456
2825,31.133,119.032
2826,36.366,120.7
2827,38.36,124.46
2828,38.808,125.138
2829,38.832,125.023
2830,38.83,125.144
2831,38.846,125.12
2832,42.679,129.91
2833,43.244,135.107
2834,43.617,131.908
2835,43.571,131.438
2836,43.624,131.937
2837,43.681,131.857
2838,43.805,131.331
2839,43.523,131.968
2840,43.584,132.005
2841,43.519,131.896
2842,43.618,131.885
2843,43.153,130.236
2844,43.492,131.49
2845,43.994,133.856
2846,43.7,132.258
2847,43.672,132.059
2848,43.356,130.437
2849,43.362,132.938
2850,43.554,131.694
2851,43.605,131.917
2852,43.412,131.617
2853,43.616,131.881
2854,43.553,131.887
2855,43.645,131.871
2856,43.595,131.973
2857,43.595,131.97
2858,43.641,131.988
2859,43.624,131.916
2860,43.525,131.952
2861,43.621,131.921
2862,44.594,132.608
2863,44.645,132.733
2864,44.567,132.59
2865,44.612,132.796
2866,44.6,132.648
2867,46.045,133.56
2868,46.42,134.125
2869,46.441,133.85
2870,46.45,133.871
2871,46.349,133.897
2872,46.456,133.816
2873,46.457,133.867
2874,46.43,133.843
2875,46.45,133.831
2876,45.996,132.778
2877,46.454,133.828
2878,46.545,133.37
2879,46.475,133.806
2880,46.454,134.024
2881,46.453,133.853
2882,46.458,133.883
2883,46.465,133.804
2884,46.449,133.852
2885,46.445,133.855
2886,46.47,133.84
2887,46.538,131.707
2888,46.849,131.542
2889,46.159,132.706
2890,46.43,133.775
2891,46.459,133.858
2892,46.077,133.033
2893,46.07,133.016
2894,46.481,133.867
2895,46.448,133.817
2896,46.433,133.93
2897,46.496,133.83
2898,46.454,133.885
2899,46.472,133.837
2900,46.601,133.971
2901,46.461,133.865
2902,46.473,133.813
2903,46.449,133.826
2904,46.469,133.858
2905,46.442,133.487
2906,46.455,133.836
2907,46.439,133.829
2908,46.453,133.866
2909,47.242,131.825
2910,46.466,133.892
2911,46.456,133.862
2912,46.495,133.919
2913,46.447,133.841
2914,46.607,133.835
2915,46.343,134.412
2916,46.448,133.836
2917,46.466,133.925
2918,46.352,133.95
2919,46.441,133.85
2920,46.448,133.848
2921,46.47,133.833
2922,46.489,133.871
2923,46.378,134.012
2924,46.457,133.869
2925,46.45,133.855
2926,46.453,133.843
2927,46.433,133.788
2928,46.314,134.416
2929,46.366,133.709
2930,46.341,133.582
2931,46.337,133.702
2932,46.354,133.733
2933,46.158,133.394
2934,46.152,133.382
2935,46.141,133.372
2936,46.172,133.336
2937,46.166,133.347
2938,46.162,133.394
2939,46.158,133.396
2940,46.319,133.301
2941,46.15,133.373
2942,46.155,133.377
2943,46.155,133.424
2944,46.137,133.416
2945,46.152,133.244
2946,46.159,133.371
2947,46.157,133.396
2948,46.095,133.83
2949,46.177,133.403
2950,46.162,133.398
2951,46.233,133.099
2952,46.044,132.943
2953,46.024,133.126
2954,46.145,133.385
2955,46.15,133.389
2956,46.157,133.391
2957,46.166,133.42
2958,46.204,133.48
2959,45.934,133.497
2960,46.164,132.814
2961,46.252,133.792
2962,46.14,133.255
2963,46.378,133.022
2964,46.568,134.452
2965,46.75,132.825
2966,47.93,132.952
2967,48.37,132.604
2968,47.965,131.842
2969,47.555,132.852
2970,47.962,132.323
2971,47.71,131.976
2972,47.773,132.006
2973,47.764,131.897
2974,47.708,131.814
2975,47.784,132.05
2976,47.766,131.936
2977,47.825,131.95
2978,47.661,132.538
2979,47.754,132.03
2980,47.723,131.981
2981,47.758,131.974
2982,47.756,131.981
2983,47.767,132.045
2984,47.768,131.966
2985,47.724,131.876
2986,47.694,131.916
2987,47.699,132.092
2988,47.733,131.943
2989,47.687,131.857
2990,47.596,131.024
2991,47.702,132.06
2992,48.008,132.625
2993,47.756,131.998
2994,47.723,131.97
2995,47.758,131.952
2996,47.763,132.066
2997,47.807,131.823
2998,47.944,131.25
2999,47.714,131.947
3000,47.759,131.874
3001,47.586,131.715
3002,47.671,131.926
3003,29.175,115.978
3004,28.816,116.235
3005,29.177,115.95
3006,28.94,114.785
3007,29.218,115.95
3008,29.234,115.958
3009,29.134,115.928
3010,29.211,115.93
3011,29.214,115.973
3012,29.138,115.963
3013,29.16,115.962
3014,29.19,115.917
3015,29.203,115.937
3016,29.175,115.973
3017,29.365,115.471
3018,29.155,115.971
3019,29.171,115.954
3020,29.349,116.233
3021,29.174,115.66
3022,29.041,115.924
3023,28.942,114.402
3024,29.737,116.464
3025,29.276,116.355
3026,29.208,115.92
3027,42.756,123.319
3028,43.11,125.415
3029,43.116,122.738
3030,42.755,123.392
3031,42.739,123.283
3032,42.837,123.489
3033,42.715,123.288
3034,42.722,123.447
3035,42.6,122.828
3036,42.746,122.683
3037,42.714,123.254
3038,42.728,123.422
3039,42.699,123.322
3040,42.733,123.19
3041,42.699,123.286
3042,42.269,122.087
3043,43.143,122.075
3044,42.901,121.511
3045,42.699,123.24
3046,42.66,123.34
3047,42.722,123.448
3048,42.699,123.317
3049,42.656,122.669
3050,42.859,123.328
3051,42.722,123.296
3052,42.798,122.296
3053,42.711,123.257
3054,41.716,126.702
3055,42.654,122.797
3056,42.708,123.268
3057,42.778,123.355
3058,42.788,124.64
3059,42.738,123.212
3060,42.699,123.368
3061,42.735,123.401
3062,42.584,123.63
3063,43.735,119.629
3064,42.567,122.861
3065,42.964,126.999
3066,42.7,123.385
3067,42.732,123.315
3068,42.726,123.257
3069,44.728,125.089
3070,45.055,124.341
3071,45.387,125.604
3072,45.929,126.738
3073,45.842,126.962
3074,45.923,126.747
3075,45.939,126.761
3076,45.927,126.734
3077,45.998,127.231
3078,46.014,127.359
3079,45.977,127.617
3080,45.956,129.453
3081,45.586,127.363
3082,45.95,128.653
3083,45.916,129.036
3084,45.92,128.968
3085,45.875,129.365
3086,45.838,129.07
3087,45.899,128.964
3088,45.833,128.967
3089,46.093,129.524
3090,45.732,129.387
3091,45.858,129.29
3092,45.776,129.218
3093,45.886,128.937
3094,45.899,128.964
3095,45.9,129.044
3096,45.854,129.526
3097,45.93,129.103
3098,45.944,128.999
3099,45.925,129.128
3100,45.311,130.978
3101,45.985,131.105
3102,46.866,133.147
3103,46.769,133.698
3104,46.409,132.617
3105,46.919,132.936
3106,46.77,132.497
3107,46.768,133.291
3108,46.907,133.038
3109,46.916,133.233
3110,46.93,132.092
3111,46.866,133.134
3112,46.846,133.09
3113,46.86,133.111
3114,46.723,132.444
3115,46.88,132.978
3116,46.938,133.071
3117,46.9,132.754
3118,46.899,133.143
3119,46.86,133.603
3120,47.237,132.234
3121,46.657,133.199
3122,46.769,133.758
3123,46.789,133.254
3124,46.866,133.154
3125,46.823,133.188
3126,46.814,132.915
3127,46.8,133.184
3128,46.882,133.391
3129,46.867,132.676
3130,46.905,133.042
3131,46.994,133.064
3132,46.854,133.134
3133,46.825,133.1
3134,47.054,133.175
3135,46.888,133.179
3136,47.04,133.035
3137,46.874,133.101
3138,46.872,133.13
3139,46.845,133.264
3140,46.864,133.187
3141,46.854,133.03
3142,47.137,135.393
3143,46.882,133.221
3144,46.774,132.801
3145,46.769,133.022
3146,47.025,133.418
3147,46.886,133.054
3148,46.822,133.119
3149,46.863,133.218
3150,46.711,133.251
3151,46.805,133.422
3152,46.884,134.083
3153,47.8,134.618
3154,47.594,134.812
3155,48.212,134.686
3156,48.758,135.91
3157,48.697,135.397
3158,48.375,136.696
3159,49.063,136.398
3160,48.903,135.725
3161,48.77,135.798
3162,48.795,135.712
3163,48.849,134.562
3164,48.953,134.053
3165,48.838,135.641
3166,49.336,135.909
3167,48.989,136.002
3168,48.941,135.85
3169,48.861,135.291
3170,48.795,135.745
3171,48.788,135.7
3172,48.785,135.753
3173,48.646,134.335
3174,48.776,135.555
3175,48.809,135.689
3176,49.109,136.44
3177,48.844,135.485
3178,48.735,135.441
3179,48.744,135.683
3180,48.636,135.564
3181,48.766,135.734
3182,48.794,135.731
3183,48.795,135.771
3184,48.866,135.703
3185,48.648,135.672
3186,48.732,135.668
3187,48.746,135.774
3188,48.802,136.571
3189,49.041,136.47
3190,48.792,135.706
3191,48.798,135.725
3192,48.71,135.846
3193,48.77,135.669
3194,49.477,139.218
3195,49.694,136.403
3196,49.718,136.403
3197,49.778,136.099
3198,49.573,135.802
3199,49.731,136.402
3200,49.666,136.885
3201,49.744,136.298
3202,47.05,135.194
3203,48.71,138.46
3204,49.769,136.301
3205,49.816,136.3
3206,49.843,136.259
3207,49.898,136.749
3208,49.832,135.909
3209,49.762,136.253
3210,49.763,136.298
3211,49.739,136.237
3212,49.364,136.397
3213,49.748,136.032
3214,49.81,136.354
3215,49.8,136.062
3216,49.738,136.222
3217,49.83,136.336
3218,49.764,136.22
3219,49.758,136.386
3220,49.558,136.364
3221,49.78,136.292
3222,49.719,136.711
3223,49.736,136.254
3224,49.672,136.833
3225,49.788,138.452
3226,48.259,135.387
3227,49.621,136.243
3228,49.799,136.322
3229,49.781,136.307
3230,49.749,136.237
3231,49.838,136.268
3232,49.745,136.254
3233,49.753,136.246
3234,49.727,136.306
3235,49.774,136.339
3236,49.76,136.29
3237,49.766,136.507
3238,49.629,136.338
3239,49.508,135.775
3240,49.777,136.384
3241,49.736,136.532
3242,49.796,136.241
3243,49.764,138.873
3244,49.765,136.431
3245,49.54,134.394
3246,49.658,136.025
3247,49.307,133.512
3248,49.716,136.267
3249,49.79,136.297
3250,49.785,136.31
3251,49.723,136.348
3252,49.767,136.145
3253,49.679,136.51
3254,48.656,134.692
3255,49.516,135.676
3256,49.694,136.231
3257,49.702,136.15
3258,49.967,136.358
3259,49.536,136.347
3260,49.546,137.13
3261,49.642,135.98
3262,49.734,136.766
3263,49.763,136.312
3264,49.745,136.217
3265,49.766,136.293
3266,49.748,136.348
3267,49.734,136.286
3268,49.734,136.293
3269,49.715,136.25
3270,49.715,136.209
3271,49.764,136.316
3272,49.78,136.462
3273,49.781,136.228
3274,49.698,136.461
3275,49.758,136.274
3276,49.757,136.148
3277,49.748,136.244
3278,49.691,135.924
3279,49.754,136.22
3280,49.676,136.527
3281,49.753,136.306
3282,49.734,136.284
3283,49.734,136.382
3284,49.706,136.214
3285,49.749,136.274
3286,49.715,136.08
3287,49.75,136.253
3288,49.925,136.575
3289,49.575,136.123
3290,48.831,135.394
3291,49.254,135.749
3292,48.848,135.582
3293,48.9,134.245
3294,48.94,134.798
3295,49.485,133.524
3296,48.806,135.78
3297,48.809,135.793
3298,48.85,135.818
3299,48.804,135.72
3300,48.888,135.804
3301,48.825,135.795
3302,48.786,135.892
3303,48.823,135.789
3304,48.83,135.829
3305,48.837,135.69
3306,48.843,135.812
3307,48.856,135.793
3308,48.845,135.786
3309,48.845,135.685
3310,48.79,135.823
3311,48.584,134.981
3312,48.761,135.528
3313,48.842,135.704
3314,48.827,135.832
3315,49.547,136.127
3316,49.518,136.154
3317,49.892,134.896
3318,49.687,137.041
3319,49.356,136.822
3320,50.008,135.81
3321,49.73,136.29
3322,49.702,134.965
3323,49.807,136.352
3324,50.351,137.151
3325,50.734,141.872
3326,49.574,136.085
3327,49.536,136.387
3328,49.512,136.393
3329,49.7,136.457
3330,49.71,136.357
3331,49.651,136.202
3332,49.722,136.681
3333,49.558,136.073
3334,49.632,136.267
3335,49.566,136.254
3336,49.571,136.092
3337,49.556,136.027
3338,49.587,136.093
3339,49.566,136.072
3340,49.564,136.059
3341,49.655,135.968
3342,49.513,136.183
3343,49.727,136.338
3344,49.464,135.03
3345,49.928,136.766
3346,49.754,136.173
3347,49.781,136.349
3348,49.736,136.387
3349,49.75,136.084
3350,49.588,135.926
3351,49.921,136.706
3352,49.92,136.693
3353,49.542,136.84
3354,49.694,135.829
3355,49.675,136.34
3356,50.054,134.864
3357,50.049,134.864
3358,49.674,136.313
3359,49.649,136.219
3360,49.649,136.221
3361,49.682,136.083
3362,49.667,136.231
3363,49.589,136.006
3364,49.667,136.208
3365,49.666,136.201
3366,49.747,136.426
3367,49.877,136.533
3368,49.782,136.275
3369,49.836,136.173
3370,49.745,136.286
3371,49.72,136.24
3372,49.838,136.671
3373,49.764,136.294
3374,49.747,136.262
3375,49.755,136.447
3376,49.64,136.131
3377,49.977,136.425
3378,49.829,136.538
3379,49.745,136.376
3380,49.789,136.305
3381,49.896,135.884
3382,49.712,136.288
3383,49.766,136.312
3384,49.96,136.303
3385,49.768,136.289
3386,49.755,136.286
3387,49.651,136.153
3388,49.749,136.27
3389,49.833,136.144
3390,49.778,136.307
3391,49.938,135.973
3392,49.662,136.434
3393,49.632,136.579
3394,49.961,136.396
3395,49.787,136.391
3396,49.58,136.359
3397,48.754,136.391
3398,48.785,135.7
3399,48.664,136.001
3400,48.526,135.931
3401,47.038,138.491
3402,42.591,130.745
3403,42.549,130.788
3404,42.589,130.783
3405,42.556,130.749
3406,43.089,130.452
3407,42.776,130.179
3408,42.738,130.657
3409,42.718,130.542
3410,42.908,129.417
3411,42.401,129.94
3412,42.693,130.27
3413,42.472,131.263
3414,42.623,130.657
3415,42.486,130.55
3416,42.571,130.141
3417,42.143,129.594
3418,42.646,130.64
3419,42.637,130.652
3420,42.654,130.58
3421,42.659,130.685
3422,42.55,130.756
3423,42.56,130.743
3424,42.847,130.554
3425,42.565,130.76
3426,55.079,49.624
3427,42.878,129.084
3428,43.943,126.367
3429,42.578,130.977
3430,42.593,130.706
3431,42.543,130.557
3432,42.56,130.698
3433,37.479,126.415
3434,37.467,126.413
3435,37.515,126.389
3436,37.474,126.415
3437,37.904,125.96
3438,37.769,125.871
3439,37.956,126.028
3440,37.923,125.704
3441,37.911,125.948
3442,38.328,125.725
3443,37.994,125.006
3444,38.091,124.965
3445,37.807,125.628
3446,38.256,123.005
3447,38.038,125.481
3448,37.858,125.882
3449,37.868,125.991
3450,37.895,125.832
3451,37.89,125.945
3452,37.907,126.308
3453,37.84,126.175
3454,37.848,126.215
3455,37.905,125.897
3456,37.906,126.039
3457,37.773,126.446
3458,37.908,125.875
3459,33.311,124.852
3460,31.501,121.965
3461,31.443,121.804
3462,31.439,121.992
3463,31.431,121.948
3464,31.431,121.948
3465,31.568,122.055
3466,31.498,121.929
3467,31.507,121.906
3468,-11.607,174.878
3469,30.594,127.112
3470,31.469,121.922
3471,30.243,120.054
3472,31.486,121.883
3473,31.505,121.881
3474,30.835,121.368
3475,31.48,121.845
3476,31.311,123.223
3477,31.388,121.567
3478,31.486,122.123
3479,31.589,121.806
3480,32.093,120.092
3481,31.522,122.453
3482,31.499,122.081
3483,31.084,120.555
3484,31.05,120.326
3485,30.992,120.433
3486,30.669,118.302
3487,31.015,120.36
3488,29.562,119.858
3489,30.987,120.363
3490,30.978,120.342
3491,29.793,118.15
3492,29.373,115.754
3493,29.354,116.185
3494,29.048,114.562
3495,29.256,114.417
3496,30.229,117.791
3497,29.164,115.948
3498,29.232,116.019
3499,29.191,115.946
3500,29.152,116.597
3501,29.164,116.384
3502,28.872,115.06
3503,29.231,115.503
3504,27.671,122.132
3505,29.231,115.928
3506,29.182,115.969
3507,29.229,115.995
3508,29.178,115.972
3509,29.17,115.947
3510,29.204,115.989
3511,29.475,115.794
3512,29.134,116.451
3513,29.291,116.106
3514,29.06,116.315
3515,29.374,116.159
3516,29.208,115.958
3517,29.29,115.802
3518,29.317,115.502
3519,29.178,115.967
3520,29.208,115.968
3521,29.191,115.979
3522,29.214,115.869
3523,29.146,115.985
3524,29.187,116.005
3525,28.81,116.876
3526,29.369,115.755
3527,29.202,116.017
3528,29.145,114.046
3529,29.174,115.972
3530,28.914,116.904
3531,30.04,113.447
3532,29.214,115.704
3533,29.195,115.981
3534,29.177,115.905
3535,29.196,115.982
3536,29.435,115.982
3537,28.979,114.976
3538,29.284,116.683
3539,29.064,115.942
3540,29.177,115.976
3541,29.181,115.92
3542,29.173,115.996
3543,29.184,115.758
3544,29.925,118.343
3545,41.066,126.023
3546,42.733,123.356
3547,42.627,123.346
3548,42.726,123.29
3549,42.701,123.287
3550,42.513,123.615
3551,42.57,123.041
3552,42.732,123.243
3553,42.708,123.243
3554,42.778,123.381
3555,42.926,121.661
3556,42.653,123.48
3557,42.908,122.316
3558,42.811,123.347
3559,42.736,123.296
3560,42.681,123.52
3561,42.761,123.485
3562,42.715,123.499
3563,42.684,123.798
3564,42.472,123.01
3565,42.594,123.371
3566,42.733,123.292
3567,42.666,123.274
3568,42.684,123.508
3569,42.704,123.653
3570,43.352,125.822
3571,42.704,123.227
3572,42.645,123.391
3573,42.707,123.276
3574,42.837,123.645
3575,42.7,123.257
3576,42.713,123.323
3577,42.72,123.219
3578,42.75,123.223
3579,42.711,123.251
3580,42.789,121.649
3581,42.773,122.063
3582,42.735,123.238
3583,42.703,123.267
3584,42.711,123.229
3585,42.739,123.215
3586,42.634,123.577
3587,42.699,123.373
3588,42.727,123.107
3589,42.769,121.786
3590,42.7,123.26
3591,42.714,123.29
3592,42.647,122.652
3593,42.713,123.286
3594,42.765,123.27
3595,42.679,123.39
3596,42.726,123.212
3597,42.892,123.516
3598,42.725,123.21
3599,42.715,123.293
3600,42.721,123.208
3601,42.903,123.211
3602,42.879,123.46
3603,42.681,123.343
3604,42.679,123.037
3605,42.715,123.236
3606,42.731,123.202
3607,42.706,123.282
3608,42.711,123.303
3609,42.726,123.397
3610,42.674,123.236
3611,42.639,122.953
3612,42.608,123.186
3613,42.85,123.02
3614,42.821,122.443
3615,42.744,122.801
3616,42.705,123.265
3617,42.703,123.268
3618,42.702,123.27
3619,42.714,123.241
3620,42.804,123.391
3621,42.71,123.284
3622,42.668,123.469
3623,42.696,123.112
3624,42.695,123.158
3625,42.711,123.276
3626,42.719,123.206
3627,42.688,122.97
3628,42.708,123.286
3629,42.765,123.262
3630,42.707,123.272
3631,42.704,123.246
3632,42.722,123.295
3633,42.699,123.267
3634,42.674,123.19
3635,42.715,123.257
3636,42.719,123.253
3637,42.744,123.113
3638,42.66,122.889
3639,42.168,123.426
3640,42.032,126.444
3641,42.715,123.257
3642,42.707,123.234
3643,42.712,123.253
3644,42.644,123.054
3645,42.682,123.02
3646,42.734,123.318
3647,42.739,123.187
3648,42.715,123.279
3649,42.708,123.267
3650,42.712,123.269
3651,42.704,123.215
3652,43.1,123.149
3653,42.784,123.292
3654,42.498,123.378
3655,42.723,123.271
3656,42.796,123.211
3657,42.706,123.492
3658,42.695,123.299
3659,42.732,123.22
3660,42.722,123.323
3661,42.731,123.281
3662,42.747,123.293
3663,42.731,122.932
3664,42.659,123.447
3665,42.609,124.871
3666,42.7,123.293
3667,42.713,123.284
3668,42.715,123.261
3669,42.753,123.377
3670,42.719,123.296
3671,42.71,123.245
3672,42.721,123.246
3673,42.73,123.242
3674,42.707,123.292
3675,42.718,123.248
3676,42.688,123.261
3677,42.72,123.314
3678,42.719,123.215
3679,42.699,123.291
3680,42.706,123.277
3681,42.719,123.303
3682,42.75,123.175
3683,42.7,123.292
3684,42.697,123.285
3685,42.709,123.29
3686,42.705,123.237
3687,42.702,123.268
3688,42.691,123.241
3689,42.709,123.274
3690,42.708,123.248
3691,42.513,122.339
3692,42.767,123.272
3693,42.694,123.238
3694,42.686,123.333
3695,42.693,123.513
3696,42.895,123.054
3697,42.793,123.395
3698,42.98,124.448
3699,42.865,123.009
3700,42.905,122.906
3701,42.966,122.545
3702,42.947,122.96
3703,43.043,123.061
3704,43.009,122.935
3705,42.921,122.95
3706,42.79,122.894
3707,42.917,122.979
3708,43.083,123.009
3709,43.052,121.795
3710,42.903,123.196
3711,42.794,122.805
3712,42.804,122.535
3713,42.834,122.995
3714,42.92,123.035
3715,42.922,123.006
3716,42.901,123.008
3717,42.902,123.095
3718,42.916,122.982
3719,42.921,122.976
3720,42.844,123.131
3721,42.977,122.732
3722,42.863,122.86
3723,42.916,122.97
3724,42.913,122.958
3725,42.912,122.976
3726,42.808,123.199
3727,42.931,122.825
3728,42.942,122.857
3729,42.916,122.994
3730,42.91,122.965
3731,42.943,123.128
3732,42.842,123.382
3733,42.905,122.973
3734,42.927,122.943
3735,42.974,123.258
3736,42.962,122.952
3737,42.918,123.062
3738,42.707,122.695
3739,42.876,122.843
3740,43.028,122.958
3741,42.996,122.896
3742,42.91,122.973
3743,42.912,122.973
3744,42.897,122.948
3745,42.963,123.023
3746,42.912,122.993
3747,42.928,122.897
3748,42.918,123
3749,42.913,123.022
3750,42.988,122.544
3751,42.913,122.962
3752,42.952,123.097
3753,42.934,122.993
3754,42.913,122.909
3755,42.906,122.977
3756,42.909,122.975
3757,42.96,122.989
3758,42.969,122.958
3759,42.944,122.866
3760,42.797,122.714
3761,42.922,122.964
3762,42.93,123.019
3763,42.939,122.068
3764,42.901,123.103
3765,42.877,122.902
3766,42.909,122.988
3767,42.957,122.644
3768,42.914,122.933
3769,42.93,123.002
3770,42.971,122.816
3771,42.951,123.114
3772,42.885,123.229
3773,42.867,122.684
3774,42.924,122.869
3775,42.856,123.176
3776,42.914,122.938
3777,42.93,122.683
3778,42.915,122.951
3779,42.905,123.04
3780,42.916,122.969
3781,42.941,123.043
3782,42.862,122.946
3783,42.84,122.73
3784,43.29,123.779
3785,42.768,122.874
3786,42.896,122.96
3787,42.836,123.068
3788,43.038,122.759
3789,42.848,123.302
3790,42.639,123.138
3791,42.907,123.454
3792,42.651,123.114
3793,42.695,123.247
3794,42.754,123.243
3795,42.616,123.109
3796,42.688,123.244
3797,42.708,123.316
3798,42.815,122.426
3799,29.175,115.978
3800,29.172,115.984
3801,29.238,115.226
3802,29.202,115.911
3803,40.766,107.688
3804,40.472,107.219
3805,40.392,106.96
3806,40.473,107.176
3807,40.434,107.328
3808,40.359,107.264
3809,40.475,107.228
3810,40.468,107.218
3811,40.476,107.217
3812,40.527,107.157
3813,40.466,107.21
3814,40.484,107.181
3815,40.786,106.665
3816,40.81,106.494
3817,29.175,115.978
3818,29.174,115.965
3819,29.208,116.148
3820,29.178,115.979
3821,29.082,116.234
3822,29.179,115.973
3823,29.144,116.128
3824,29.069,116.14
3825,29.169,115.829
3826,29.169,115.848
3827,29.088,115.92
3828,30.341,118.135
3829,29.167,116.145
3830,29.216,116.105
3831,29.219,115.943
3832,29.217,115.945
3833,29.22,115.943
3834,29.193,116.09
3835,29.176,115.879
3836,29.213,116.217
3837,29.204,115.958
3838,29.189,115.945
3839,29.192,115.812
3840,28.943,116.858
3841,29.142,116.004
3842,29.175,115.972
3843,29.172,115.985
3844,29.215,115.967
3845,29.196,115.941
3846,29.226,115.942
3847,29.216,115.948
3848,29.181,115.969
3849,29.176,115.959
3850,29.172,115.994
3851,29.176,115.959
3852,29.175,115.97
3853,29.177,115.967
3854,29.209,115.947
3855,29.208,115.994
3856,29.233,115.905
3857,29.183,115.999
3858,27.744,116.11
3859,29.204,116.019
3860,29.234,115.99
3861,29.174,115.971
3862,29.214,115.94
3863,29.333,116.598
3864,28.906,116.13
3865,29.225,115.564
3866,29.17,115.963
3867,29.189,115.809
3868,29.172,115.967
3869,29.187,115.983
3870,29.195,115.807
3871,29.146,115.958
3872,29.176,115.977
3873,29.205,116.008
3874,29.401,116.661
3875,29.05,116.336
3876,29.052,116.312
3877,29,116.517
3878,28.979,116.483
3879,29.067,116.335
3880,29.056,116.356
3881,29.215,116.502
3882,29.057,116.277
3883,29.435,117.763
3884,29.221,117.115
3885,28.8,116.257
3886,29.065,116.73
3887,29.048,116.326
3888,29.052,116.36
3889,29.046,116.345
3890,31.011,117.01
3891,31.025,116.929
3892,33.147,117.777
3893,33.117,117.724
3894,35.484,117.825
3895,37.741,117.315
3896,37.474,118.852
3897,37.522,118.774
3898,37.491,118.811
3899,37.512,118.805
3900,37.439,118.77
3901,37.508,118.797
3902,37.492,118.711
3903,37.543,118.794
3904,37.493,118.82
3905,37.507,118.798
3906,37.488,118.796
3907,37.505,118.725
3908,40.39,120.572
3909,40.41,120.556
3910,40.384,120.588
3911,43.443,122.81
3912,43.722,123.543
3913,43.485,122.908
3914,45.136,123.588
3915,45.156,123.607
3916,45.15,123.691
3917,45.077,123.628
3918,45.093,123.415
3919,45.229,123.341
3920,45.213,123.367
3921,45.216,123.386
3922,45.207,123.338
3923,45.24,123.317
3924,45.736,123.828
3925,45.728,123.842
3926,45.835,123.708
3927,45.737,123.748
3928,45.702,123.77
3929,45.72,123.772
3930,45.697,123.887
3931,45.742,123.854
3932,45.618,123.834
3933,45.741,123.849
3934,45.598,123.901
3935,45.735,123.841
3936,45.785,123.923
3937,45.787,123.929
3938,45.791,123.861
3939,45.739,123.848
3940,45.682,123.72
3941,45.698,123.912
3942,45.711,123.923
3943,45.693,123.901
3944,45.744,123.886
3945,45.706,123.94
3946,45.702,123.922
3947,45.759,124.121
3948,45.693,123.904
3949,45.671,123.436
3950,45.656,124.239
3951,45.686,123.953
3952,45.639,124.099
3953,45.664,123.883
3954,45.654,123.741
3955,45.748,123.561
3956,45.683,123.963
3957,45.698,123.769
3958,45.699,123.778
3959,45.658,123.71
3960,45.665,123.698
3961,45.756,123.166
3962,45.652,123.752
3963,45.497,123.053
3964,45.788,124.007
3965,45.653,123.724
3966,45.609,123.468
3967,45.729,123.428
3968,45.664,123.738
3969,45.669,123.711
3970,45.649,123.733
3971,45.675,123.758
3972,45.844,123.868
3973,45.702,123.791
3974,45.702,123.786
3975,45.703,123.778
3976,45.705,123.794
3977,45.716,123.329
3978,45.673,123.778
3979,45.62,123.921
3980,45.008,125.337
3981,45.485,124.997
3982,45.67,123.702
3983,45.687,123.741
3984,45.68,123.744
3985,45.671,123.686
3986,45.67,123.76
3987,45.85,123.893
3988,45.714,123.561
3989,45.588,123.51
3990,45.689,123.778
3991,45.695,122.785
3992,45.702,123.84
3993,45.674,123.713
3994,45.671,123.7
3995,45.67,123.903
3996,45.67,123.684
3997,45.671,123.689
3998,45.738,123.407
3999,45.677,123.738
4000,45.656,123.744
4001,45.686,123.72
4002,45.634,123.741
4003,45.65,123.72
4004,45.592,123.681
4005,45.652,123.734
4006,45.651,123.71
4007,45.656,123.722
4008,45.651,123.714
4009,45.654,123.695
4010,45.65,123.709
4011,45.614,123.734
4012,45.652,123.706
4013,45.647,123.711
4014,45.654,123.708
4015,45.654,123.759
4016,45.624,123.75
4017,45.655,123.711
4018,45.647,123.706
4019,45.657,123.743
4020,45.652,123.707
4021,45.646,123.688
4022,45.644,123.717
4023,45.65,123.711
4024,45.654,123.718
4025,45.655,123.714
4026,45.653,123.708
4027,45.655,123.643
4028,45.627,123.743
4029,45.648,123.758
4030,45.654,123.701
4031,45.675,123.702
4032,45.736,124.138
4033,45.662,123.706
4034,45.652,123.713
4035,45.675,123.837
4036,45.649,123.69
4037,45.66,123.691
4038,45.641,123.766
4039,45.658,123.727
4040,45.546,123.696
4041,45.539,123.248
4042,45.606,123.498
4043,45.654,123.697
4044,45.654,123.694
4045,45.66,123.77
4046,45.679,123.718
4047,45.642,123.845
4048,45.638,123.785
4049,45.649,123.885
4050,45.583,123.726
4051,45.654,123.695
4052,45.57,123.79
4053,45.662,123.702
4054,45.666,123.71
4055,45.588,123.692
4056,45.734,123.791
4057,45.656,123.658
4058,45.636,123.681
4059,45.528,123.211
4060,45.673,123.707
4061,45.67,123.709
4062,45.637,123.736
4063,45.675,123.69
4064,45.581,124.068
4065,45.666,123.714
4066,45.656,123.717
4067,45.662,123.818
4068,45.647,123.69
4069,45.656,123.71
4070,45.836,124.105
4071,45.54,123.685
4072,45.642,123.687
4073,45.665,123.757
4074,45.67,123.692
4075,45.671,123.678
4076,45.674,123.719
4077,45.676,123.716
4078,45.684,123.675
4079,45.66,123.713
4080,45.659,123.766
4081,45.651,123.842
4082,45.655,123.73
4083,45.653,123.714
4084,45.654,123.73
4085,45.655,123.741
4086,45.652,123.721
4087,45.65,123.717
4088,45.653,123.641
4089,45.66,123.716
4090,45.653,123.728
4091,45.654,123.715
4092,45.654,123.715
4093,45.662,123.736
4094,45.704,104.912
4095,45.652,123.666
4096,45.654,123.724
4097,45.615,123.564
4098,45.662,123.71
4099,45.647,123.812
4100,45.682,123.351
4101,45.537,123.406
4102,45.662,123.721
4103,45.688,123.787
4104,45.661,123.482
4105,45.658,123.486
4106,45.674,123.575
4107,45.674,123.575
4108,45.775,123.587
4109,45.737,123.618
4110,45.642,123.828
4111,45.694,123.454
4112,45.679,123.526
4113,45.673,123.688
4114,45.66,123.708
4115,45.644,123.794
4116,45.661,123.744
4117,45.667,123.775
4118,45.654,123.718
4119,45.675,123.661
4120,45.649,123.986
4121,45.655,123.539
4122,45.662,123.676
4123,45.653,123.755
4124,45.683,123.706
4125,45.638,123.745
4126,37.75,118.968
4127,37.858,119.193
4128,37.76,118.995
4129,37.771,119.057
4130,37.755,119.024
4131,37.785,118.996
4132,37.784,119.065
4133,37.775,119.087
4134,37.772,119.079
4135,37.772,119.066
4136,37.779,119.073
4137,37.793,119.105
4138,37.725,119.518
4139,37.799,119.034
4140,37.984,118.888
4141,38.032,118.717
4142,37.972,118.833
4143,37.915,118.372
4144,37.958,118.885
4145,37.978,118.857
4146,38.019,118.792
4147,38.002,118.843
4148,38.048,118.402
4149,37.958,118.829
4150,38.013,118.754
4151,37.978,118.868
4152,37.982,118.877
4153,37.973,118.835
4154,37.991,118.978
4155,37.984,118.87
4156,38.054,118.96
4157,37.728,118.696
4158,37.861,118.912
4159,29.175,115.978
4160,29.185,116.003
4161,29.183,115.973
4162,29.222,115.924
4163,29.113,115.927
4164,29.396,115.275
4165,29.099,115.968
4166,29.062,115.514
4167,29.107,115.959
4168,29.035,115.921
4169,29.126,115.985
4170,29.247,118.198
4171,29.113,115.95
4172,29.064,115.894
4173,29.101,115.945
4174,29.109,115.961
4175,29.11,115.962
4176,29.111,115.982
4177,29.081,115.954
4178,29.293,116.924
4179,29.16,118.179
4180,28.89,116.827
4181,29.07,115.986
4182,29.079,115.978
4183,29.042,115.989
4184,29.092,115.946
4185,29.141,115.905
4186,29.107,115.965
4187,29.097,115.811
4188,29.072,115.942
4189,29.106,115.972
4190,29.096,115.954
4191,29.104,115.98
4192,29.139,115.978
4193,29.062,116.18
4194,29.142,116
4195,29.195,116.176
4196,29.053,115.931
4197,29.016,115.81
4198,29.284,116.529
4199,29.103,115.994
4200,29.101,115.966
4201,28.692,116.166
4202,29.112,115.969
4203,28.917,116.536
4204,28.989,116.482
4205,28.944,116.118
4206,29.077,115.905
4207,29.044,116.018
