id,,red,nir1,blue,green,nir2,swir1,swir2,NDVI,EVI,LSWI,LSWI2105,NDSI,NDWI1200,sur_refl_state_500m,MOD35 cloud,cloud shadow,land/water flag,aerosol quantity,cirrus detected,internal cloud algorithm flag,internal fire algorithm flag,MOD35 snow/ice flag,Pixel is adjacent to cloud,BRDF correction performed,internal snow algorithm flag,Bad observation,Gap_fill_applied,GF_NDVI,GF_EVI,GF_LSWI,GF_LSWI2105 ,GF_NDSI,GF_NDWI1200
2,2001/01/09,45,-2,324,150,-5,46,-28672,2016674627,6001,203,-6792,112,16,2001/01/16,0.0045,-0.0002,0.0324,0.015,-0.0005,0.0046,-2.8672,-1.09302325581,-0.0149910691503,-1.09090909091,-0.999860500802,0.530612244898,-0.428571428571,0000000001110000,clear,no,continental/moderate ocean,low,none,no cloud,no fire,no,no,no,no,No,No,-1.09302325581,-0.0149910691503,-1.09090909091,-0.999860500802,0.530612244898,-0.428571428571
2,2001/01/17,557,515,762,636,516,417,193,1073741824,6175,5484,-5757,8245,22,2001/01/22,0.0557,0.0515,0.0762,0.0636,0.0516,0.0417,0.0193,-0.0391791044776,-0.0128960943257,0.105150214592,0.454802259887,0.207977207977,-0.000969932104753,0010000000110101,cloudy,yes,continental/moderate ocean,climatology,none,no cloud,no fire,no,yes,no,no,Yes,Yes,-1.09413067553,-0.0108410864457,-1.05669050051,-1.07135882183,0.294101933967,-0.741312741313
2,2001/01/25,22,-1,205,101,38,90,15,1073742657,5865,1342,-6025,112,25,2001/01/25,0.0022,-0.0001,0.0205,0.0101,0.0038,0.009,0.0015,-1.09523809524,-0.0066911037412,-1.02247191011,-1.14285714286,0.0575916230366,-1.05405405405,0000000001110000,clear,no,continental/moderate ocean,low,none,no cloud,no fire,no,no,no,no,No,No,-1.09523809524,-0.0066911037412,-1.02247191011,-1.14285714286,0.0575916230366,-1.05405405405
2,2001/02/02,3,0,169,74,53,89,45,1073741824,5412,1100,11649,112,39,2001/02/08,0.0003,0.0,0.0169,0.0074,0.0053,0.0089,0.0045,-1.0,-0.00085709388035,-1.0,-1.0,-0.0920245398773,-1.0,0000000001110000,clear,no,continental/moderate ocean,low,none,no cloud,no fire,no,no,no,no,No,No,-1.0,-0.00085709388035,-1.0,-1.0,-0.0920245398773,-1.0
2,2001/02/10,8,-3,193,101,48,193,105,1073742657,5437,1279,-5636,176,41,2001/02/10,0.0008,-0.0003,0.0193,0.0101,0.0048,0.0193,0.0105,-2.2,-0.00319860424542,-1.03157894737,-1.05882352941,-0.312925170068,-1.13333333333,0000000010110000,clear,no,continental/moderate ocean,average,none,no cloud,no fire,no,no,no,no,No,No,-2.2,-0.00319860424542,-1.03157894737,-1.05882352941,-0.312925170068,-1.13333333333
2,2001/02/18,25,-1,224,111,39,112,72,1073742657,4875,1082,11914,176,55,2001/02/24,0.0025,-0.0001,0.0224,0.0111,0.0039,0.0112,0.0072,-1.08333333333,-0.00767505018302,-1.01801801802,-1.02816901408,-0.00448430493274,-1.05263157895,0000000010110000,clear,no,continental/moderate ocean,average,none,no cloud,no fire,no,no,no,no,No,No,-1.08333333333,-0.00767505018302,-1.01801801802,-1.02816901408,-0.00448430493274,-1.05263157895
2,2001/02/26,-10,8,158,65,72,171,104,1073741877,4579,3984,11894,176,60,2001/03/01,-0.001,0.0008,0.0158,0.0065,0.0072,0.0171,0.0104,-9.0,0.00513522766176,-0.91061452514,-0.857142857143,-0.449152542373,-0.8,0000000010110000,clear,no,continental/moderate ocean,average,none,no cloud,no fire,no,no,no,no,No,No,-9.0,0.00513522766176,-0.91061452514,-0.857142857143,-0.449152542373,-0.8
2,2001/03/06,24,3,280,97,25,52,64,1077411841,4263,3115,11943,112,69,2001/03/10,0.0024,0.0003,0.028,0.0097,0.0025,0.0052,0.0064,-0.777777777778,-0.00652417049832,-0.890909090909,-0.910447761194,0.302013422819,-0.785714285714,0000000001110000,clear,no,continental/moderate ocean,low,none,no cloud,no fire,no,no,no,no,No,No,-0.777777777778,-0.00652417049832,-0.890909090909,-0.910447761194,0.302013422819,-0.785714285714
2,2001/03/14,19,-1,248,85,25,72,44,1073742657,3960,181,-4053,112,80,2001/03/21,0.0019,-0.0001,0.0248,0.0085,0.0025,0.0072,0.0044,-1.11111111111,-0.00605840300497,-1.02816901408,-1.04651162791,0.0828025477707,-1.08333333333,0000000001110000,clear,no,continental/moderate ocean,low,none,no cloud,no fire,no,no,no,no,No,No,-1.11111111111,-0.00605840300497,-1.02816901408,-1.04651162791,0.0828025477707,-1.08333333333
2,2001/03/22,9,3,241,73,15,34,7,1073741824,3639,4677,11809,112,83,2001/03/24,0.0009,0.0003,0.0241,0.0073,0.0015,0.0034,0.0007,-0.5,-0.0018182920177,-0.837837837838,-0.4,0.364485981308,-0.666666666667,0000000001110000,clear,no,continental/moderate ocean,low,none,no cloud,no fire,no,no,no,no,No,No,-0.5,-0.0018182920177,-0.837837837838,-0.4,0.364485981308,-0.666666666667
2,2001/03/30,-28,-25,170,29,29,171,139,1073742709,3662,1342,-5047,176,89,2001/03/30,-0.0028,-0.0025,0.017,0.0029,0.0029,0.0171,0.0139,-0.0566037735849,0.000879043600563,-1.34246575342,-1.43859649123,-0.71,-13.5,0000000010110000,clear,no,continental/moderate ocean,average,none,no cloud,no fire,no,no,no,no,No,No,-0.0566037735849,0.000879043600563,-1.34246575342,-1.43859649123,-0.71,-13.5
2,2001/04/07,15,0,249,81,12,73,38,1073742657,3386,2455,-4858,112,98,2001/04/08,0.0015,0.0,0.0249,0.0081,0.0012,0.0073,0.0038,-1.0,-0.00456065673457,-1.0,-1.0,0.0519480519481,-1.0,0000000001110000,clear,no,continental/moderate ocean,low,none,no cloud,no fire,no,no,no,no,No,No,-1.0,-0.00456065673457,-1.0,-1.0,0.0519480519481,-1.0
2,2001/04/15,-17,-12,92,41,16,215,169,1073742709,3070,1314,-4862,176,105,2001/04/15,-0.0017,-0.0012,0.0092,0.0041,0.0016,0.0215,0.0169,-0.172413793103,0.00135928664637,-1.11822660099,-1.15286624204,-0.6796875,-7.0,0000000010110000,clear,no,continental/moderate ocean,average,none,no cloud,no fire,no,no,no,no,No,No,-0.172413793103,0.00135928664637,-1.11822660099,-1.15286624204,-0.6796875,-7.0
2,2001/04/23,21,0,239,120,-2,52,23,1077150529,2842,2400,-4533,112,114,2001/04/24,0.0021,0.0,0.0239,0.012,-0.0002,0.0052,0.0023,-1.0,-0.00629987400252,-1.0,-1.0,0.395348837209,-1.0,0000000001110000,clear,no,continental/moderate ocean,low,none,no cloud,no fire,no,no,no,no,No,No,-1.0,-0.00629987400252,-1.0,-1.0,0.395348837209,-1.0
2,2001/05/01,-22,0,100,4,12,60,28,1073742709,2567,1296,-4444,176,121,2001/05/01,-0.0022,0.0,0.01,0.0004,0.0012,0.006,0.0028,-1.0,0.00603202456679,-1.0,-1.0,-0.875,-1.0,0000000010110000,clear,no,continental/moderate ocean,average,none,no cloud,no fire,no,no,no,no,No,No,-1.0,0.00603202456679,-1.0,-1.0,-0.875,-1.0
2,2001/05/09,255,237,567,341,235,306,273,1073741824,1989,5767,11372,176,129,2001/05/09,0.0255,0.0237,0.0567,0.0341,0.0235,0.0306,0.0273,-0.0365853658537,-0.00598842238339,-0.127071823204,-0.0705882352941,0.0540958268934,0.00423728813559,0000000010110000,clear,no,continental/moderate ocean,average,none,no cloud,no fire,no,no,no,no,No,No,-0.0365853658537,-0.00598842238339,-0.127071823204,-0.0705882352941,0.0540958268934,0.00423728813559
2,2001/05/17,39,-12,420,174,-1,123,55,1077150529,2665,5929,-2792,180,143,2001/05/23,0.0039,-0.0012,0.042,0.0174,-0.0001,0.0123,0.0055,-1.88888888889,-0.0180288461538,-1.21621621622,-1.55813953488,0.171717171717,0.846153846154,0000000010110100,clear,yes,continental/moderate ocean,average,none,no cloud,no fire,no,no,no,no,Yes,Yes,-0.643292682927,-0.00615237187891,-0.587632297144,-0.561609907121,0.0357184336779,-0.212167070218
2,2001/05/25,18,-2,292,88,-5,85,78,1077150529,2311,4174,-3049,176,148,2001/05/28,0.0018,-0.0002,0.0292,0.0088,-0.0005,0.0085,0.0078,-1.25,-0.00631632137443,-1.04819277108,-1.05263157895,0.0173410404624,-0.428571428571,0000000010110000,clear,no,continental/moderate ocean,average,none,no cloud,no fire,no,no,no,no,No,No,-1.25,-0.00631632137443,-1.04819277108,-1.05263157895,0.0173410404624,-0.428571428571
2,2001/06/02,10,-1,291,80,38,120,29,1073742657,2164,3355,-3010,112,155,2001/06/04,0.001,-0.0001,0.0291,0.008,0.0038,0.012,0.0029,-1.22222222222,-0.00349139846378,-1.01680672269,-1.07142857143,-0.2,-1.05405405405,0000000001110000,clear,no,continental/moderate ocean,low,none,no cloud,no fire,no,no,no,no,No,No,-1.22222222222,-0.00349139846378,-1.01680672269,-1.07142857143,-0.2,-1.05405405405
2,2001/06/10,29,3,248,99,20,193,121,1073741824,2046,2400,-3067,176,162,2001/06/11,0.0029,0.0003,0.0248,0.0099,0.002,0.0193,0.0121,-0.8125,-0.00781531802333,-0.969387755102,-0.951612903226,-0.321917808219,-0.739130434783,0000000010110000,clear,no,continental/moderate ocean,average,none,no cloud,no fire,no,no,no,no,No,No,-0.8125,-0.00781531802333,-0.969387755102,-0.951612903226,-0.321917808219,-0.739130434783
2,2001/06/26,124,62,481,230,-2,65,-28672,2016673795,1457,6161,11994,1072,184,2001/07/03,0.0124,0.0062,0.0481,0.023,-0.0002,0.0065,-2.8672,-0.333333333333,-0.021532263666,-0.0236220472441,-1.0043341489,0.559322033898,1.06666666667,0000010000110000,clear,no,continental/moderate ocean,climatology,none,cloud,no fire,no,no,no,no,No,No,-0.333333333333,-0.021532263666,-0.0236220472441,-1.0043341489,0.559322033898,1.06666666667
2,2001/07/04,36,-2,348,130,-42,137,77,1077150529,2057,1350,-2947,176,185,2001/07/04,0.0036,-0.0002,0.0348,0.013,-0.0042,0.0137,0.0077,-1.11764705882,-0.0124934245134,-1.02962962963,-1.05333333333,-0.0262172284644,-0.909090909091,0000000010110000,clear,no,continental/moderate ocean,average,none,no cloud,no fire,no,no,no,no,No,No,-1.11764705882,-0.0124934245134,-1.02962962963,-1.05333333333,-0.0262172284644,-0.909090909091
2,2001/07/12,51,1,356,145,-93,127,65,1077149697,2252,2399,-2941,176,194,2001/07/13,0.0051,0.0001,0.0356,0.0145,-0.0093,0.0127,0.0065,-0.961538461538,-0.0163676836454,-0.984375,-0.969696969697,0.0661764705882,-1.02173913043,0000000010110000,clear,no,continental/moderate ocean,average,none,no cloud,no fire,no,no,no,no,No,No,-0.961538461538,-0.0163676836454,-0.984375,-0.969696969697,0.0661764705882,-1.02173913043
2,2001/07/20,21,0,311,99,-37,31,15,1077149697,2475,3337,-2972,112,203,2001/07/22,0.0021,0.0,0.0311,0.0099,-0.0037,0.0031,0.0015,-1.0,-0.00673638288317,-1.0,-1.0,0.523076923077,-1.0,0000000001110000,clear,no,continental/moderate ocean,low,none,no cloud,no fire,no,no,no,no,No,No,-1.0,-0.00673638288317,-1.0,-1.0,0.523076923077,-1.0
2,2001/07/28,2,-1,193,35,35,68,29,1073742657,2355,1164,13488,176,215,2001/08/03,0.0002,-0.0001,0.0193,0.0035,0.0035,0.0068,0.0029,-3.0,-0.000875810124365,-1.02985074627,-1.07142857143,-0.320388349515,-1.05882352941,0000000010110000,clear,no,continental/moderate ocean,average,none,no cloud,no fire,no,no,no,no,No,No,-3.0,-0.000875810124365,-1.02985074627,-1.07142857143,-0.320388349515,-1.05882352941
2,2001/08/05,11,0,300,88,19,114,94,1073742657,2767,3308,-3580,176,219,2001/08/07,0.0011,0.0,0.03,0.0088,0.0019,0.0114,0.0094,-1.0,-0.00351842374616,-1.0,-1.0,-0.128712871287,-1.0,0000000010110000,clear,no,continental/moderate ocean,average,none,no cloud,no fire,no,no,no,no,No,No,-1.0,-0.00351842374616,-1.0,-1.0,-0.128712871287,-1.0
2,2001/08/13,112,87,332,158,46,55,15,1073741824,3054,4135,-3839,112,228,2001/08/16,0.0112,0.0087,0.0332,0.0158,0.0046,0.0055,0.0015,-0.125628140704,-0.00755835046559,0.225352112676,0.705882352941,0.483568075117,0.308270676692,0000000001110000,clear,no,continental/moderate ocean,low,none,no cloud,no fire,no,no,no,no,No,No,-0.125628140704,-0.00755835046559,0.225352112676,0.705882352941,0.483568075117,0.308270676692
2,2001/08/21,1,1,227,75,1,147,110,1073741824,3075,40,-6312,176,240,2001/08/28,0.0001,0.0001,0.0227,0.0075,0.0001,0.0147,0.011,0.0,0.0,-0.986486486486,-0.981981981982,-0.324324324324,0.0,0000000010110000,clear,no,continental/moderate ocean,average,none,no cloud,no fire,no,no,no,no,No,No,0.0,0.0,-0.986486486486,-0.981981981982,-0.324324324324,0.0
2,2001/08/29,25,0,334,116,0,140,60,1073742657,2940,4737,11933,176,243,2001/08/31,0.0025,0.0,0.0334,0.0116,0.0,0.014,0.006,-1.0,-0.00817527795945,-1.0,-1.0,-0.09375,nan,0000000010110000,clear,no,continental/moderate ocean,average,none,no cloud,no fire,no,no,no,no,No,No,-1.0,-0.00817527795945,-1.0,-1.0,-0.09375,nan
2,2001/09/06,14,-2,283,87,10,116,56,1075577665,3587,149,-3447,112,256,2001/09/13,0.0014,-0.0002,0.0283,0.0087,0.001,0.0116,0.0056,-1.33333333333,-0.00502544129656,-1.0350877193,-1.07407407407,-0.142857142857,-1.5,0000000001110000,clear,no,continental/moderate ocean,low,none,no cloud,no fire,no,no,no,no,No,No,-1.33333333333,-0.00502544129656,-1.0350877193,-1.07407407407,-0.142857142857,-1.5
2,2001/09/14,11,4,284,82,-90,85,46,1077149697,3947,4204,-5155,112,260,2001/09/17,0.0011,0.0004,0.0284,0.0082,-0.009,0.0085,0.0046,-0.466666666667,-0.0022040302267,-0.910112359551,-0.84,-0.0179640718563,-1.09302325581,0000000001110000,clear,no,continental/moderate ocean,low,none,no cloud,no fire,no,no,no,no,No,No,-0.466666666667,-0.0022040302267,-0.910112359551,-0.84,-0.0179640718563,-1.09302325581
2,2001/09/22,32,0,270,114,-52,157,121,1077149697,3941,1297,-5443,176,265,2001/09/22,0.0032,0.0,0.027,0.0114,-0.0052,0.0157,0.0121,-1.0,-0.00979551855026,-1.0,-1.0,-0.158671586716,-1.0,0000000010110000,clear,no,continental/moderate ocean,average,none,no cloud,no fire,no,no,no,no,No,No,-1.0,-0.00979551855026,-1.0,-1.0,-0.158671586716,-1.0
2,2001/09/30,77,96,307,133,91,235,136,1075576832,4300,2419,-5730,176,274,2001/10/01,0.0077,0.0096,0.0307,0.0133,0.0091,0.0235,0.0136,0.109826589595,0.00575373993096,-0.419939577039,-0.172413793103,-0.277173913043,0.0267379679144,0000000010110000,clear,no,continental/moderate ocean,average,none,no cloud,no fire,no,no,no,no,No,No,0.109826589595,0.00575373993096,-0.419939577039,-0.172413793103,-0.277173913043,0.0267379679144
2,2001/10/08,24,-8,264,103,108,207,103,1073742657,4708,79,-2111,176,288,2001/10/15,0.0024,-0.0008,0.0264,0.0103,0.0108,0.0207,0.0103,-2.0,-0.00980872976949,-1.08040201005,-1.16842105263,-0.335483870968,-1.16,0000000010110000,clear,no,continental/moderate ocean,average,none,no cloud,no fire,no,no,no,no,No,No,-2.0,-0.00980872976949,-1.08040201005,-1.16842105263,-0.335483870968,-1.16
2,2001/10/16,-25,7,25,9,97,399,274,1073741877,4922,1108,11385,242,295,2001/10/22,-0.0025,0.0007,0.0025,0.0009,0.0097,0.0399,0.0274,-1.77777777778,0.00827343709602,-0.965517241379,-0.950177935943,-0.955882352941,-0.865384615385,0000000011110010,mixed,no,continental/moderate ocean,high,none,no cloud,no fire,no,no,no,no,Yes,Yes,-1.21428571429,-0.00581109280592,-1.00098531875,-1.03226247437,-0.215227969003,-0.946666666667
2,2001/10/24,10,4,239,81,26,98,73,1073741824,5050,1278,-6407,112,297,2001/10/24,0.001,0.0004,0.0239,0.0081,0.0026,0.0098,0.0073,-0.428571428571,-0.00181345584235,-0.921568627451,-0.896103896104,-0.0949720670391,-0.733333333333,0000000001110000,clear,no,continental/moderate ocean,low,none,no cloud,no fire,no,no,no,no,No,No,-0.428571428571,-0.00181345584235,-0.921568627451,-0.896103896104,-0.0949720670391,-0.733333333333
2,2001/11/01,-19,-2,196,54,57,133,96,1073742709,5248,4677,10943,176,307,2001/11/03,-0.0019,-0.0002,0.0196,0.0054,0.0057,0.0133,0.0096,-0.809523809524,0.00505110530069,-1.03053435115,-1.04255319149,-0.422459893048,-1.07272727273,0000000010110000,clear,no,continental/moderate ocean,average,none,no cloud,no fire,no,no,no,no,No,No,-0.809523809524,0.00505110530069,-1.03053435115,-1.04255319149,-0.422459893048,-1.07272727273
2,2001/11/09,-4,2,177,54,-49,45,11,1077149749,5549,1323,-6582,176,313,2001/11/09,-0.0004,0.0002,0.0177,0.0054,-0.0049,0.0045,0.0011,-3.0,0.00173400381481,-0.914893617021,-0.692307692308,0.0909090909091,-1.08510638298,0000000010110000,clear,no,continental/moderate ocean,average,none,no cloud,no fire,no,no,no,no,No,No,-3.0,0.00173400381481,-0.914893617021,-0.692307692308,0.0909090909091,-1.08510638298
2,2001/11/17,15,22,179,78,118,220,98,1073741824,5845,1100,10943,176,327,2001/11/23,0.0015,0.0022,0.0179,0.0078,0.0118,0.022,0.0098,0.189189189189,0.00199555276812,-0.818181818182,-0.633333333333,-0.476510067114,-0.685714285714,0000000010110000,clear,no,continental/moderate ocean,average,none,no cloud,no fire,no,no,no,no,No,No,0.189189189189,0.00199555276812,-0.818181818182,-0.633333333333,-0.476510067114,-0.685714285714
2,2001/11/25,121,156,369,230,411,428,355,1073741824,5959,2219,11125,1073,334,2001/11/30,0.0121,0.0156,0.0369,0.023,0.0411,0.0428,0.0355,0.126353790614,0.0107831659375,-0.465753424658,-0.389432485323,-0.300911854103,-0.449735449735,0000010000110001,cloudy,no,continental/moderate ocean,climatology,none,cloud,no fire,no,no,no,no,Yes,Yes,-0.590590590591,-0.00485702455271,-0.971590909091,-1.65,-0.137316066421,-0.742857142857
2,2001/12/03,32,-5,305,128,-45,85,11,1077150529,6113,1090,11298,176,343,2001/12/09,0.0032,-0.0005,0.0305,0.0128,-0.0045,0.0085,0.0011,-1.37037037037,-0.0117096018735,-1.125,-2.66666666667,0.201877934272,-0.8,0000000010110000,clear,no,continental/moderate ocean,average,none,no cloud,no fire,no,no,no,no,No,No,-1.37037037037,-0.0117096018735,-1.125,-2.66666666667,0.201877934272,-0.8
2,2001/12/11,-29,-23,148,25,-22,68,18,1077150581,6093,3975,11220,176,348,2001/12/14,-0.0029,-0.0023,0.0148,0.0025,-0.0022,0.0068,0.0018,-0.115384615385,0.00172552628552,-2.02222222222,8.2,-0.462365591398,0.0222222222222,0000000010110000,clear,no,continental/moderate ocean,average,none,no cloud,no fire,no,no,no,no,No,No,-0.115384615385,0.00172552628552,-2.02222222222,8.2,-0.462365591398,0.0222222222222
2,2001/12/19,-10,-8,133,41,53,37,30,1073742709,6395,4223,-6093,176,356,2001/12/22,-0.001,-0.0008,0.0133,0.0041,0.0053,0.0037,0.003,-0.111111111111,0.000559628406738,-1.55172413793,-1.72727272727,0.0512820512821,-1.35555555556,0000000010110000,clear,no,continental/moderate ocean,average,none,no cloud,no fire,no,no,no,no,No,No,-0.111111111111,0.000559628406738,-1.55172413793,-1.72727272727,0.0512820512821,-1.35555555556
2,2001/12/27,-17,-2,48,30,-19,50,5,1077150581,6445,4895,-5958,176,365,2001/12/31,-0.0017,-0.0002,0.0048,0.003,-0.0019,0.005,0.0005,-0.789473684211,0.00393246644295,-1.08333333333,-2.33333333333,-0.25,-0.809523809524,0000000010110000,clear,no,continental/moderate ocean,average,none,no cloud,no fire,no,no,no,no,No,No,-0.789473684211,0.00393246644295,-1.08333333333,-2.33333333333,-0.25,-0.809523809524
2,2002/01/01,74,64,346,225,159,406,298,1073741824,6547,5951,-5828,240,2,2002/01/02,0.0074,0.0064,0.0346,0.0225,0.0159,0.0406,0.0298,-0.0724637681159,-0.00315935801845,-0.727659574468,-0.646408839779,-0.286846275753,-0.42600896861,0000000011110000,clear,no,continental/moderate ocean,high,none,no cloud,no fire,no,no,no,no,No,No,-0.0724637681159,-0.00315935801845,-0.727659574468,-0.646408839779,-0.286846275753,-0.42600896861
2,2002/01/09,-41,-47,152,42,44,114,59,1073742709,6165,1360,-5829,176,12,2002/01/12,-0.0041,-0.0047,0.0152,0.0042,0.0044,0.0114,0.0059,0.0681818181818,-0.00175090463406,-2.40298507463,-8.83333333333,-0.461538461538,30.3333333333,0000000010110000,clear,no,continental/moderate ocean,average,none,no cloud,no fire,no,no,no,no,No,No,0.0681818181818,-0.00175090463406,-2.40298507463,-8.83333333333,-0.461538461538,30.3333333333
2,2002/01/17,48,8,346,167,54,62,52,1073741824,6135,4194,-5686,176,23,2002/01/23,0.0048,0.0008,0.0346,0.0167,0.0054,0.0062,0.0052,-0.714285714286,-0.012985326581,-0.771428571429,-0.733333333333,0.458515283843,-0.741935483871,0000000010110000,clear,no,continental/moderate ocean,average,none,no cloud,no fire,no,no,no,no,No,No,-0.714285714286,-0.012985326581,-0.771428571429,-0.733333333333,0.458515283843,-0.741935483871
2,2002/01/25,209,185,524,338,242,334,278,1073741824,5594,5287,11701,241,29,2002/01/29,0.0209,0.0185,0.0524,0.0338,0.0242,0.0334,0.0278,-0.0609137055838,-0.00799041150619,-0.287090558767,-0.200863930886,0.00595238095238,-0.133489461358,0000000011110001,cloudy,no,continental/moderate ocean,high,none,no cloud,no fire,no,no,no,no,Yes,Yes,inf,-0.00339581644363,-0.699273607748,-0.584615384615,0.201785114449,-0.631837307153
2,2002/02/02,-11,11,142,43,35,48,28,1073741877,5648,121,-5748,176,35,2002/02/04,-0.0011,0.0011,0.0142,0.0043,0.0035,0.0048,0.0028,inf,0.00619369369369,-0.627118644068,-0.435897435897,-0.0549450549451,-0.521739130435,0000000010110000,clear,no,continental/moderate ocean,average,none,no cloud,no fire,no,no,no,no,No,No,inf,0.00619369369369,-0.627118644068,-0.435897435897,-0.0549450549451,-0.521739130435
2,2002/02/10,-6,1,159,74,6,157,82,1073741877,5399,991,12041,176,42,2002/02/11,-0.0006,0.0001,0.0159,0.0074,0.0006,0.0157,0.0082,-1.4,0.00199487033343,-0.987341772152,-0.975903614458,-0.359307359307,-0.714285714286,0000000010110000,clear,no,continental/moderate ocean,average,none,no cloud,no fire,no,no,no,no,No,No,-1.4,0.00199487033343,-0.987341772152,-0.975903614458,-0.359307359307,-0.714285714286
2,2002/02/18,-5,-2,157,68,38,125,86,1073742709,4832,3152,12223,176,56,2002/02/25,-0.0005,-0.0002,0.0157,0.0068,0.0038,0.0125,0.0086,-0.428571428571,0.000853193788749,-1.0325203252,-1.04761904762,-0.295336787565,-1.11111111111,0000000010110000,clear,no,continental/moderate ocean,average,none,no cloud,no fire,no,no,no,no,No,No,-0.428571428571,0.000853193788749,-1.0325203252,-1.04761904762,-0.295336787565,-1.11111111111
2,2002/02/26,14,-1,214,96,-23,127,48,1077150529,4848,1055,12196,176,58,2002/02/27,0.0014,-0.0001,0.0214,0.0096,-0.0023,0.0127,0.0048,-1.15384615385,-0.00442321302194,-1.01587301587,-1.04255319149,-0.139013452915,-0.916666666667,0000000010110000,clear,no,continental/moderate ocean,average,none,no cloud,no fire,no,no,no,no,No,No,-1.15384615385,-0.00442321302194,-1.01587301587,-1.04255319149,-0.139013452915,-0.916666666667
2,2002/03/06,-1,19,33,4,2,39,6,1073741877,4662,4243,-4817,176,71,2002/03/12,-0.0001,0.0019,0.0033,0.0004,0.0002,0.0039,0.0006,1.11111111111,0.00512006553684,-0.344827586207,0.52,-0.813953488372,0.809523809524,0000000010110000,clear,no,continental/moderate ocean,average,none,no cloud,no fire,no,no,no,no,No,No,1.11111111111,0.00512006553684,-0.344827586207,0.52,-0.813953488372,0.809523809524
2,2002/03/14,30,-1,288,144,49,139,76,1073742657,4734,5494,-4646,176,73,2002/03/14,0.003,-0.0001,0.0288,0.0144,0.0049,0.0139,0.0076,-1.06896551724,-0.00966454670158,-1.01449275362,-1.02666666667,0.017667844523,-1.04166666667,0000000010110000,clear,no,continental/moderate ocean,average,none,no cloud,no fire,no,no,no,no,No,No,-1.06896551724,-0.00966454670158,-1.01449275362,-1.02666666667,0.017667844523,-1.04166666667
2,2002/03/22,5870,5950,5866,5887,5283,3056,1661,1073741824,3579,3134,12452,1073,88,2002/03/29,0.587,0.595,0.5866,0.5887,0.5283,0.3056,0.1661,0.00676818950931,0.0278745644599,0.321341328004,0.563526474839,0.316560438332,0.0593786165762,0000010000110001,cloudy,no,continental/moderate ocean,climatology,none,cloud,no fire,no,no,no,no,Yes,Yes,-1.10114942529,-0.00257763144098,-0.989389233954,-0.974871794872,-0.324499411072,-1.04583333333
2,2002/03/30,-16,1,64,11,-41,55,25,1077149749,3714,3422,-4445,176,94,2002/04/04,-0.0016,0.0001,0.0064,0.0011,-0.0041,0.0055,0.0025,-1.13333333333,0.00450928381963,-0.964285714286,-0.923076923077,-0.666666666667,-1.05,0000000010110000,clear,no,continental/moderate ocean,average,none,no cloud,no fire,no,no,no,no,No,No,-1.13333333333,0.00450928381963,-0.964285714286,-0.923076923077,-0.666666666667,-1.05
2,2002/04/07,926,836,945,958,722,655,543,1073741824,3389,2491,-4530,113,101,2002/04/11,0.0926,0.0836,0.0945,0.0958,0.0722,0.0655,0.0543,-0.0510783200908,-0.0241818474931,0.121395036888,0.212472806381,0.187848729076,0.0731707317073,0000000001110001,cloudy,no,continental/moderate ocean,low,none,no cloud,no fire,no,no,no,no,Yes,Yes,-1.31666666667,-0.000445790159317,-1.00326961771,-0.995246326707,-0.463768115942,-0.963775510204
2,2002/04/15,15,-3,234,85,-46,145,92,1077150529,3072,1350,-4539,176,108,2002/04/18,0.0015,-0.0003,0.0234,0.0085,-0.0046,0.0145,0.0092,-1.5,-0.00540086413826,-1.04225352113,-1.06741573034,-0.260869565217,-0.877551020408,0000000010110000,clear,no,continental/moderate ocean,average,none,no cloud,no fire,no,no,no,no,No,No,-1.5,-0.00540086413826,-1.04225352113,-1.06741573034,-0.260869565217,-0.877551020408
2,2002/04/23,10,-5,225,82,-35,107,83,1077150529,2865,2436,-4120,176,117,2002/04/27,0.001,-0.0005,0.0225,0.0082,-0.0035,0.0107,0.0083,-3.0,-0.00448162533612,-1.09803921569,-1.12820512821,-0.132275132275,-0.75,0000000010110000,clear,no,continental/moderate ocean,average,none,no cloud,no fire,no,no,no,no,No,No,-3.0,-0.00448162533612,-1.09803921569,-1.12820512821,-0.132275132275,-0.75
2,2002/05/01,19,1,281,95,16,59,31,1073741824,2164,5256,12192,112,125,2002/05/05,0.0019,0.0001,0.0281,0.0095,0.0016,0.0059,0.0031,-0.9,-0.00561973150172,-0.966666666667,-0.9375,0.233766233766,-0.882352941176,0000000001110000,clear,no,continental/moderate ocean,low,none,no cloud,no fire,no,no,no,no,No,No,-0.9,-0.00561973150172,-0.966666666667,-0.9375,0.233766233766,-0.882352941176
2,2002/05/09,18,1,297,105,2,75,46,1073741824,2471,2437,-3542,112,133,2002/05/13,0.0018,0.0001,0.0297,0.0105,0.0002,0.0075,0.0046,-0.894736842105,-0.00539237454799,-0.973684210526,-0.957446808511,0.166666666667,-0.333333333333,0000000001110000,clear,no,continental/moderate ocean,low,none,no cloud,no fire,no,no,no,no,No,No,-0.894736842105,-0.00539237454799,-0.973684210526,-0.957446808511,0.166666666667,-0.333333333333
2,2002/05/17,6,-14,251,92,-36,117,63,1077150529,2408,3365,-3058,176,142,2002/05/22,0.0006,-0.0014,0.0251,0.0092,-0.0036,0.0117,0.0063,2.5,-0.0061428834695,-1.27184466019,-1.57142857143,-0.11961722488,-0.44,0000000010110000,clear,no,continental/moderate ocean,average,none,no cloud,no fire,no,no,no,no,No,No,2.5,-0.0061428834695,-1.27184466019,-1.57142857143,-0.11961722488,-0.44
2,2002/05/25,15,-1,271,86,47,85,38,1073742657,2231,2390,-3013,112,149,2002/05/29,0.0015,-0.0001,0.0271,0.0086,0.0047,0.0085,0.0038,-1.14285714286,-0.00496493514553,-1.02380952381,-1.05405405405,0.00584795321637,-1.04347826087,0000000001110000,clear,no,continental/moderate ocean,low,none,no cloud,no fire,no,no,no,no,No,No,-1.14285714286,-0.00496493514553,-1.02380952381,-1.05405405405,0.00584795321637,-1.04347826087
2,2002/06/02,1201,1240,1269,1205,1180,1190,1047,1073741824,1921,1081,14429,112,154,2002/06/03,0.1201,0.124,0.1269,0.1205,0.118,0.119,0.1047,0.0159770585825,0.0109200873607,0.0205761316872,0.0843900306078,0.0062630480167,0.0247933884298,0000000001110000,clear,no,continental/moderate ocean,low,none,no cloud,no fire,no,no,no,no,No,No,0.0159770585825,0.0109200873607,0.0205761316872,0.0843900306078,0.0062630480167,0.0247933884298
2,2002/06/10,592,590,758,637,600,572,473,1073741824,1801,2173,14396,112,161,2002/06/10,0.0592,0.059,0.0758,0.0637,0.06,0.0572,0.0473,-0.00169204737733,-0.000591226203145,0.0154905335628,0.110065851364,0.0537634408602,-0.00840336134454,0000000001110000,clear,no,continental/moderate ocean,low,none,no cloud,no fire,no,no,no,no,No,No,-0.00169204737733,-0.000591226203145,0.0154905335628,0.110065851364,0.0537634408602,-0.00840336134454
2,2002/06/18,173,183,345,211,188,273,180,1073741824,1883,1018,14626,176,170,2002/06/19,0.0173,0.0183,0.0345,0.0211,0.0188,0.0273,0.018,0.0280898876404,0.00289569699427,-0.197368421053,0.00826446280992,-0.128099173554,-0.0134770889488,0000000010110000,clear,no,continental/moderate ocean,average,none,no cloud,no fire,no,no,no,no,No,No,0.0280898876404,0.00289569699427,-0.197368421053,0.00826446280992,-0.128099173554,-0.0134770889488
2,2002/06/26,1093,1164,1143,1081,1143,1172,1015,1073741824,1820,2164,14645,112,177,2002/06/26,0.1093,0.1164,0.1143,0.1081,0.1143,0.1172,0.1015,0.0314576871954,0.0193999672113,-0.00342465753425,0.0683799908215,-0.040390590324,0.00910273081925,0000000001110000,clear,no,continental/moderate ocean,low,none,no cloud,no fire,no,no,no,no,No,No,0.0314576871954,0.0193999672113,-0.00342465753425,0.0683799908215,-0.040390590324,0.00910273081925
2,2002/07/04,1034,1093,1106,1034,1103,1094,960,1073741824,1976,1073,14533,112,186,2002/07/05,0.1034,0.1093,0.1106,0.1034,0.1103,0.1094,0.096,0.0277385989657,0.0163852477227,-0.000457247370828,0.0647832440331,-0.0281954887218,-0.00455373406193,0000000001110000,clear,no,continental/moderate ocean,low,none,no cloud,no fire,no,no,no,no,No,No,0.0277385989657,0.0163852477227,-0.000457247370828,0.0647832440331,-0.0281954887218,-0.00455373406193
2,2002/07/12,19,-1,276,91,48,117,110,1073742657,2390,2399,-2655,176,197,2002/07/16,0.0019,-0.0001,0.0276,0.0091,0.0048,0.0117,0.011,-1.11111111111,-0.00621658585105,-1.01724137931,-1.01834862385,-0.125,-1.04255319149,0000000010110000,clear,no,continental/moderate ocean,average,none,no cloud,no fire,no,no,no,no,No,No,-1.11111111111,-0.00621658585105,-1.01724137931,-1.01834862385,-0.125,-1.04255319149
2,2002/07/20,14,4,258,92,47,155,97,1073741824,2621,3374,-2785,176,206,2002/07/25,0.0014,0.0004,0.0258,0.0092,0.0047,0.0155,0.0097,-0.555555555556,-0.0030663559426,-0.949685534591,-0.920792079208,-0.255060728745,-0.843137254902,0000000010110000,clear,no,continental/moderate ocean,average,none,no cloud,no fire,no,no,no,no,No,No,-0.555555555556,-0.0030663559426,-0.949685534591,-0.920792079208,-0.255060728745,-0.843137254902
2,2002/07/28,652,663,827,682,618,622,565,1073741824,2229,2182,14127,112,209,2002/07/28,0.0652,0.0663,0.0827,0.0682,0.0618,0.0622,0.0565,0.00836501901141,0.00328456255599,0.031906614786,0.0798045602606,0.0460122699387,0.0351288056206,0000000001110000,clear,no,continental/moderate ocean,low,none,no cloud,no fire,no,no,no,no,No,No,0.00836501901141,0.00328456255599,0.031906614786,0.0798045602606,0.0460122699387,0.0351288056206
2,2002/08/05,30,1,371,131,74,118,54,1073741824,3145,4895,-3241,112,224,2002/08/12,0.003,0.0001,0.0371,0.0131,0.0074,0.0118,0.0054,-0.935483870968,-0.00979928363858,-0.983193277311,-0.963636363636,0.0522088353414,-0.973333333333,0000000001110000,clear,no,continental/moderate ocean,low,none,no cloud,no fire,no,no,no,no,No,No,-0.935483870968,-0.00979928363858,-0.983193277311,-0.963636363636,0.0522088353414,-0.973333333333
2,2002/08/13,699,707,838,723,728,717,601,1073741824,2589,2164,13580,112,225,2002/08/13,0.0699,0.0707,0.0838,0.0723,0.0728,0.0717,0.0601,0.00568990042674,0.00232126276695,-0.00702247191011,0.0810397553517,0.00416666666667,-0.0146341463415,0000000001110000,clear,no,continental/moderate ocean,low,none,no cloud,no fire,no,no,no,no,No,No,0.00568990042674,0.00232126276695,-0.00702247191011,0.0810397553517,0.00416666666667,-0.0146341463415
2,2002/08/21,540,537,737,582,489,525,436,1073741824,2891,1072,13256,112,234,2002/08/22,0.054,0.0537,0.0737,0.0582,0.0489,0.0525,0.0436,-0.00278551532033,-0.000909146008849,0.0112994350282,0.103802672148,0.0514905149051,0.046783625731,0000000001110000,clear,no,continental/moderate ocean,low,none,no cloud,no fire,no,no,no,no,No,No,-0.00278551532033,-0.000909146008849,0.0112994350282,0.103802672148,0.0514905149051,0.046783625731
2,2002/08/29,71,-2,418,184,7,65,56,1073742657,3407,2436,-4554,176,245,2002/09/02,0.0071,-0.0002,0.0418,0.0184,0.0007,0.0065,0.0056,-1.05797101449,-0.0250377280834,-1.06349206349,-1.07407407407,0.477911646586,-1.8,0000000010110000,clear,no,continental/moderate ocean,average,none,no cloud,no fire,no,no,no,no,No,No,-1.05797101449,-0.0250377280834,-1.06349206349,-1.07407407407,0.477911646586,-1.8
2,2002/09/06,9,13,253,71,9,161,76,1073741824,3740,3383,-4827,176,254,2002/09/11,0.0009,0.0013,0.0253,0.0071,0.0009,0.0161,0.0076,0.181818181818,0.00122406512026,-0.850574712644,-0.707865168539,-0.387931034483,0.181818181818,0000000010110000,clear,no,continental/moderate ocean,average,none,no cloud,no fire,no,no,no,no,No,No,0.181818181818,0.00122406512026,-0.850574712644,-0.707865168539,-0.387931034483,0.181818181818
2,2002/09/14,-14,1,143,8,-1,29,-28672,2016673847,3718,123,-4203,176,259,2002/09/16,-0.0014,0.0001,0.0143,0.0008,-0.0001,0.0029,-2.8672,-1.15384615385,0.00423992311606,-0.933333333333,-1.0000697569,-0.567567567568,inf,0000000010110000,clear,no,continental/moderate ocean,average,none,no cloud,no fire,no,no,no,no,No,No,-1.15384615385,0.00423992311606,-0.933333333333,-1.0000697569,-0.567567567568,inf
2,2002/09/22,321,346,546,381,314,493,425,1073741824,3911,1063,12066,8244,266,2002/09/23,0.0321,0.0346,0.0546,0.0381,0.0314,0.0493,0.0425,0.0374812593703,0.00764338999633,-0.175208581645,-0.102464332036,-0.128146453089,0.0484848484848,0010000000110100,clear,yes,continental/moderate ocean,climatology,none,no cloud,no fire,no,yes,no,no,Yes,Yes,-1.07692307692,-0.00207024267563,-0.966666666667,-1.00003487845,0.0573377115433,nan
2,2002/09/30,27,0,281,90,-28672,17,-28672,2016936771,4270,168,-5044,112,275,2002/10/02,0.0027,0.0,0.0281,0.009,-2.8672,0.0017,-2.8672,-1.0,-0.00838040846732,-1.0,-1.0,0.682242990654,-1.0,0000000001110000,clear,no,continental/moderate ocean,low,none,no cloud,no fire,no,no,no,no,No,No,-1.0,-0.00838040846732,-1.0,-1.0,0.682242990654,-1.0
2,2002/10/08,11,-10,263,99,101,146,53,1075577665,4785,3422,-5808,176,286,2002/10/13,0.0011,-0.001,0.0263,0.0099,0.0101,0.0146,0.0053,-21.0,-0.00649471144925,-1.14705882353,-1.46511627907,-0.191836734694,-1.21978021978,0000000010110000,clear,no,continental/moderate ocean,average,none,no cloud,no fire,no,no,no,no,No,No,-21.0,-0.00649471144925,-1.14705882353,-1.46511627907,-0.191836734694,-1.21978021978
2,2002/10/16,181,170,325,218,40,201,123,1073741824,4829,167,-5706,112,291,2002/10/18,0.0181,0.017,0.0325,0.0218,0.004,0.0201,0.0123,-0.031339031339,-0.00311844417985,-0.0835579514825,0.160409556314,0.0405727923628,0.619047619048,0000000001110000,clear,no,continental/moderate ocean,low,none,no cloud,no fire,no,no,no,no,No,No,-0.031339031339,-0.00311844417985,-0.0835579514825,0.160409556314,0.0405727923628,0.619047619048
2,2002/10/24,-14,-41,249,73,-28672,61,29,1077412727,5164,1343,-6086,176,300,2002/10/27,-0.0014,-0.0041,0.0249,0.0073,-2.8672,0.0061,0.0029,0.490909090909,-0.00842959725258,-5.1,5.83333333333,0.089552238806,-0.997144150733,0000000010110000,clear,no,continental/moderate ocean,average,none,no cloud,no fire,no,no,no,no,No,No,0.490909090909,-0.00842959725258,-5.1,5.83333333333,0.089552238806,-0.997144150733
2,2002/11/01,-25,-5,161,41,15,177,99,1073742709,5338,4657,11039,180,310,2002/11/06,-0.0025,-0.0005,0.0161,0.0041,0.0015,0.0177,0.0099,-0.666666666667,0.00578871201158,-1.05813953488,-1.10638297872,-0.623853211009,-2.0,0000000010110100,clear,yes,continental/moderate ocean,average,none,no cloud,no fire,no,no,no,no,Yes,Yes,0.292064714946,-0.00127472271887,-2.65670731707,2.84240924092,-0.0474857853589,-0.363104095071
2,2002/11/09,107,129,189,137,74,199,174,1073741824,5644,1397,-6229,176,316,2002/11/12,0.0107,0.0129,0.0189,0.0137,0.0074,0.0199,0.0174,0.0932203389831,0.00588015181483,-0.213414634146,-0.148514851485,-0.184523809524,0.270935960591,0000000010110000,clear,no,continental/moderate ocean,average,none,no cloud,no fire,no,no,no,no,No,No,0.0932203389831,0.00588015181483,-0.213414634146,-0.148514851485,-0.184523809524,0.270935960591
2,2002/11/17,431,382,583,488,315,351,242,1073741824,5690,2099,11302,112,321,2002/11/17,0.0431,0.0382,0.0583,0.0488,0.0315,0.0351,0.0242,-0.060270602706,-0.0142516433017,0.0422919508868,0.224358974359,0.163289630513,0.0961262553802,0000000001110000,clear,no,continental/moderate ocean,low,none,no cloud,no fire,no,no,no,no,No,No,-0.060270602706,-0.0142516433017,0.0422919508868,0.224358974359,0.163289630513,0.0961262553802
2,2002/11/25,7,-2,214,95,-43,139,19,1077150529,6013,1323,-6532,176,332,2002/11/28,0.0007,-0.0002,0.0214,0.0095,-0.0043,0.0139,0.0019,-1.8,-0.0026674570243,-1.02919708029,-1.23529411765,-0.188034188034,-0.911111111111,0000000010110000,clear,no,continental/moderate ocean,average,none,no cloud,no fire,no,no,no,no,No,No,-1.8,-0.0026674570243,-1.02919708029,-1.23529411765,-0.188034188034,-0.911111111111
2,2002/12/03,29,6,264,129,-5,110,21,1077149697,6081,3180,11338,176,344,2002/12/10,0.0029,0.0006,0.0264,0.0129,-0.0005,0.011,0.0021,-0.657142857143,-0.00701219512195,-0.896551724138,-0.555555555556,0.0794979079498,11.0,0000000010110000,clear,no,continental/moderate ocean,average,none,no cloud,no fire,no,no,no,no,No,No,-0.657142857143,-0.00701219512195,-0.896551724138,-0.555555555556,0.0794979079498,11.0
2,2002/12/11,118,151,15,83,74,145,72,1073741824,6433,4875,-6056,176,352,2002/12/18,0.0118,0.0151,0.0015,0.0083,0.0074,0.0145,0.0072,0.122676579926,0.00767691806635,0.0202702702703,0.354260089686,-0.271929824561,0.342222222222,0000000010110000,clear,no,continental/moderate ocean,average,none,no cloud,no fire,no,no,no,no,No,No,0.122676579926,0.00767691806635,0.0202702702703,0.354260089686,-0.271929824561,0.342222222222
2,2002/12/19,0,2,155,51,1,62,22,1073741877,6172,2191,11430,176,353,2002/12/19,0.0,0.0002,0.0155,0.0051,0.0001,0.0062,0.0022,1.0,0.000565642853103,-0.9375,-0.833333333333,-0.0973451327434,0.333333333333,0000000010110000,clear,no,continental/moderate ocean,average,none,no cloud,no fire,no,no,no,no,No,No,1.0,0.000565642853103,-0.9375,-0.833333333333,-0.0973451327434,0.333333333333
2,2002/12/27,10,-13,195,90,10,167,64,1073742657,6360,3421,-6015,180,1,2002/01/01,0.001,-0.0013,0.0195,0.009,0.001,0.0167,0.0064,7.66666666667,-0.00669811870231,-1.16883116883,-1.50980392157,-0.299610894942,7.66666666667,0000000010110100,clear,yes,continental/moderate ocean,average,none,no cloud,no fire,no,no,no,no,Yes,NA,7.66666666667,-0.00669811870231,-1.16883116883,-1.50980392157,-0.299610894942,7.66666666667